V1,V2,V3,V4,V5,V6,V7,V8,V9,V10,V11,V12,V13,V14,V15,V16,V17,V18,V19,V20,V21,V22,V23,V24,V25,V26,V27,V28,V29,V30,V31,V32,V33,V34,V35,V36,V37,V38,V39,V40,V41,V42,V43,V44,V45,V46,V47,V48,V49,V50,V51,V52,V53,V54,V55,V56,V57,V58,V59,V60,V61,V62,V63,V64,V65,V66,V67,V68,V69,V70,V71,V72,V73,V74,V75,V76,V77,V78,V79,V80,V81,V82,V83,V84,V85,V86,V87,V88,V89,V90,V91,V92,V93,V94,V95,V96,V97,V98,V99,V100,V101,V102,V103,V104,V105,V106,V107,V108,V109,V110,V111,V112,V113,V114,V115,V116,V117,V118,V119,V120,V121,V122,V123,V124,V125,V126,V127,V128,V129,V130,V131,V132,V133,V134,V135,V136,V137,V138,V139,V140,V141,V142,V143,V144,V145,V146,V147,V148,V149,V150,V151,V152,V153,V154,V155,V156,V157,V158,V159,V160,V161,V162,V163,V164,V165,V166,V167,V168,V169,V170,V171,V172,V173,V174,V175,V176,V177,V178,V179,V180,V181,V182,V183,V184,V185,V186,V187,V188,V189,V190,V191,V192,V193,V194,V195,V196,V197,V198,V199,V200,V201,V202,V203,V204,V205,V206,V207,V208,V209,V210,V211,V212,V213,V214,V215,V216,V217,V218,V219,V220,V221,V222,V223,V224,V225,V226,V227,V228,V229,V230,V231
,,,,,,,,,,,,,,,,,,,,Inc,,,,,Indiv,,,,,,,,,,,,,,,,,,,,,Indiv,,,,,,,,,,,Inc,,,,,,,,,,,,,,,,,,,,,,,,Indiv,,,,,,,,,,,,,,,,,,,,,,NV,,,,,,,,,,,,,,,,,,,,,Inc,NV,,,,,,,,,,,,,,,,,,,,,,,,,,,,Inc,,,,,,,,,,Exc,,,,,,,,,,,,,Indiv,Inc,,,,,,,,,NV,,,,NV,,,,,,Indiv,,,,,,,,,,,,,Indiv,,,Indiv,Indiv,,,,,,Indiv,,,,,,,,,Indiv,,
,,,,,Inc,,,,,,,,,,,,,,,,,,Indiv,,,,,,,,,,,,,,,,,,,Indiv,Indiv,,,,,,,,,NV,,,,,,,,,,,,,,,,,,,,,,,,,,,,,,,,Inc,,,,,,Indiv,,,,,,,,,,,Indiv,,,,,NV,,,,,,,,Indiv,,,,,,,,,,,,,Indiv,,,,,,Indiv,,,,,,Inc,,,,,,,,,,Inc,,,,,,,,,,,Indiv,,,,,,,,,,,,,,,NV,,,,,,,,,,,,,,,,,,,,,,,,Inc,,,,,,,,,,,,,,,,,,,Indiv,,,,,,,,,,,,
,,,,,,,,,,,Indiv,Indiv,,,,,,,,,,Indiv,,,,,,,,,,,,,,,,,NV,,,,,,,,,,,,,,,,,,,,,,,,,,,,,,,,,,Exc,,Indiv,,,,,,,,,,,,,,,,,,Indiv,,,,,,,,,,,,,,,,,,,,,,,,NV,,,,Indiv,,,,,,,,,,,,,,,,,,,,,,,,,,,,,,,Indiv,,,,,,,,,,,,,,,,,,,,,,,Indiv,Indiv,,,,,,,,,,,,,,,,,,,,,,,,,,,,,,,,,,,,,,,,,,,,,,,,,,,,,,
,,,,,,,,,,,,,,,,NV,,,,,,,,,,,Indiv,,,,,,,Indiv,,Indiv,,,,,,,,,,,,,,,,,,,,,,,,,,,,,Inc,,,,,,,,NV,,,,,,,,,,,,,,,,,,,,Indiv,,,,,,,,,,,,,,,,,,,,,,Indiv,,,,,,,,,,,,,,Indiv,,,,,,,,,,,Indiv,,,,,,Indiv,,,,Exc,,,,,,,,,,,,,,,Inc,,,Indiv,,,Indiv,,,,,,,,,,,,,,,,,,,,,,,,,,,,,,,NV,,,,,,,,,,,,,Indiv,,,,,,,,,,,,,,,
,,,,,,,,,,,,,,,,,,,Indiv,,,,,,,,,,,,,,,,,,,,,,,,,,,,,,,,,,,,,,Inc,,,,,,,,,,,,,,,,,,,,Indiv,,,,,,,,,,,,,,,,,,,,,,,,,,,Indiv,,Indiv,,,,,,,,,Indiv,,,,,,,,,,,,,,,,,,,,,,,,,,,,,,,,,,,Indiv,,,,,,,,,,,,Indiv,,,,,,,,,,,,,,,,,,,,,,,,NV,,,,,,,,,,Indiv,,,,,,,,,,,,,Indiv,,,,,,,,,,Indiv,,,,,,,,,,,
,,,,,,,,,Exc,,,,,,,,,,,,,,,,,,,,,,,,,,,Exc,,,,,,,,,,,Exc,,,,,,,,,,,,,Indiv,,,,,,,,,,Indiv,,,,,,NV,,,,,,,,,,,,,,,Indiv,,,,,,,,,,,,,,,,,,,,,,,,,Exc,,,,,,,,,,,,,,,Indiv,,,,,,,,,,,,,,,,,,,,,,,,,,,,,,,,,,,,,,,,,,,,,Inc,,,,,,,,,,,,,,,,,,,Indiv,,,,,Indiv,,,,,,,,,,,,,Indiv,Indiv,,,,,,,,,,,,,,,,
,,,,,,,,Indiv,,,,,,,,,,,,,,,,,,,Inc,,,,,,,,,,,,,,,,,,,,,,,,,,Indiv,,,,,,,,,,,,,,,,,,,,,,,,,,,,,,,,,,,,,,,,,,,,,,,,Indiv,,,,,,,,,Indiv,,,,,,Indiv,,,,,,,,,,,,,,,,,,,,,,,,,,,,,Indiv,,,,,,,,,,,,,,,,,,,,,,,,,,,,,,,,,,,,Indiv,,,,,,,,,,NV,,,,,,,,,,,,Indiv,Indiv,,,,,Indiv,Indiv,,,,,,,,,,,,,,,,,,,,NV
,,,,,,,,,,,,,,Indiv,,,,,,,,Indiv,,,,Indiv,,,,,,,,,,,,,,,,,,,,,,,,Inc,,,,,,,,,,,,,,Inc,,,,,,,,Indiv,,,,Indiv,,Exc,,,,,,,,,Indiv,,,,,,,Indiv,,,,,,,,,,,,,,,,,,,,,,,,,,,,,,,,,,,,,,,,,,,,,,,,,,,,,,,,,,,,,,,,,Indiv,,,,,,,Indiv,,,,,,,,,,,,,,,Indiv,,NV,,,,,,,,,,,,,,,,,,,,,,,,Exc,,,,,,,,,,NV,,,,,,,,,,Indiv,,,
,,,,,,,,,,,,,,,,,,,,Inc,,,Indiv,,,,,,Indiv,,,,,,NV,,,,,,,,,,,,Exc,,,,,,,,,,,,,,,,,,,,,,,,,,,,,,,,,,,,,,,,,,,,,,,,,,,Inc,,,,,,Indiv,,,Inc,,,,,,,,,,,,,,,,,Indiv,,,,,,,,,,,Indiv,,,,,,Indiv,,,,,,,,,,,,,,,,,,,,,,,,,,,,,,,,,,,,,,,,,,,,,,,,,Indiv,,,,,,,,,,,,,,,,,,,,,,,,,,,,,,,,NV,,,,,,,,NV
,,,Indiv,,,,,Indiv,,,,,,,,,,,,,,,,,,,,Indiv,,,,,,,,,,,,,,,,,,,NV,,,,,,,,,,,,,,,,,,,,,,,,,,NV,,,,,,,,,,,,,,Indiv,,Indiv,,,,,,,,,,Indiv,,,,,,,,,,,,,,Indiv,,,,,,Indiv,,,,,,,,,,Indiv,,,,,,,,,,,Indiv,,,,,,,,,,,,,,,,,,,,,,,,,,,,,Indiv,,,,,,,,,,,,,,,,,,,,,,,,,,,,,,,,,,,,,,,,,,Inc,,,,,,,,,,,,,,,,,,,
,,,,,,,Indiv,,,,,Indiv,,,,,,,,,,,,,,,,,,,,,,,,,,Inc,,,,,,,,,,,,,,,,,,,NV,,,,,,,,,,,,,,,,,,,NV,,,,,,,,,,,,,,,,,,,,,,,,,,,,,,,,,,,,,,,,,,,,,Indiv,,,,,,,,,,,,,,,Indiv,,,,,,,,,,,,,,,,Indiv,,,,,,,,,,,,,,,,,Indiv,,,,,,,,,,,,,,,,Indiv,,,,,,,,,,,Indiv,,,,,,,Indiv,,,,,,,,,,,,,,,,,,,,,,,,,,,
,,,,,,,,,,,,,,,,,,,,,,,,,,,,,,,,,,,,,,,,,,,,,,,,,,,,,,,,,,Indiv,Inc,,,,Indiv,,,,,,,,,,,,,,,,,,,,,,,,,,,,,,,,,,Indiv,,,NV,,,,,,,,,,,,,,,,,,,,,,,,,,,,,,,,,,,,,,,,,,,,,,,,Indiv,,,,,,,,,,,,,,,,,,,,,,,,,,,,,,,,Inc,Indiv,,,,,,,Indiv,,,,,,,,,,,,,,,,,,,,,,,,,,,,,,,,,,,,,,,,Indiv,,
,,,,Inc,,,,,,,,Indiv,Indiv,Indiv,,,,,,,,,Indiv,Exc,,,,,Indiv,,,Indiv,,,,,,,,,,Indiv,,,,Indiv,,,,,,,,,,,Indiv,,,,,,,,,,,,,,,,NV,,,,,,,,,,,,,,,,,,,,,,,,,,,,,,,Indiv,Inc,,,,,Indiv,NV,,,,,,,,,NV,,,,Indiv,,,,,,,,,,,,,,,,,,,,,,,,,,,,,,,,,,,,,,,,,,,,,,,,Indiv,,,,,,,,,,,,Indiv,,,,,,,,,,,,,,,,,,,,,,,,,,,,,,,,,,,,,,,,,,,Indiv,Indiv,,
,,,Indiv,,,,Indiv,,,Indiv,,,,,,,,,,,,,,,,,,,Indiv,,,,,,,,,,,,,,,,,,,,,,,,,,,,,,,,,,,,,,Indiv,,,,,,,,,,,,,,,Exc,,,,,,,,,,,,,,,,,,,,,NV,,,,,,,,,,,,,,,,,,,,,,,,,,,,,,,,,,Inc,,,,,,,,,,Indiv,,,,,,,,,,,,,,,,,,,,,,,,,,,,,,Exc,,,,,,,,,,,,Indiv,,,,,,,,Exc,,,,,,,,,,,,,,,,,,,,,,Indiv,,,,,,,,,,,
,,Indiv,,,,NV,,,,,,,,,,,,,,,,,,,,,,Indiv,,,,,,Indiv,,,,,,Inc,,Indiv,,,,,,,,,,,,,,,,,,,,,,,,,,,,,,,,,,,,,,,,,,,,,,,,,,,Indiv,,,,,,,,,,,,,,,,,,,Indiv,,,,,,,,,Exc,,,,,,,,Indiv,,,,,Indiv,,,,,,Indiv,,,,,,,,,,,,,,,,,,,,,,,,,,,,,,,Exc,Indiv,Indiv,,,,,,,,Indiv,,,,,,,,,,,,,,,,,,,,,,,,Indiv,,,,,,,,,,,,,,,,,,,,,,,,,
,,,,,,,,,,,,Indiv,,,,,,,,,,,,,,,,Indiv,,,,,Indiv,,,,,,,,,,,,,,,,,,,,,,,,,,,,,,,,,,,,,,,,,,,,,,,,Indiv,,,,,Indiv,,,,,Indiv,,,Indiv,,,Indiv,,,,,,,,,,,,,,,,,,,,,,,,,,,,,,,,,,,,Indiv,,,,,,,,,,,,,,Indiv,,,,,,,,,,Indiv,,,,,,,,,,,,Indiv,,,,,,,,,,,,,,,,,,,,,,,Indiv,,,,,,,,,,,,,NV,Indiv,,,,,,,,,,,,,,,,,,,,,,,,
Indiv,,,,,,Indiv,,,Inc,,,Indiv,,,,,,,,,,,,,,Indiv,,,,,,,,,,,,,,,,,,,,,,,,,,,,,,,,,,,,,,,,,,,,,,,,,,,,,,,,,,,,,,,,,,,,,,,,,,,,,,,,,,,,,,,,Indiv,,,,,,,Indiv,,,,,,,,,,,,,,,,,,,,Indiv,,,,,,,,,,,,,,,,,,,,,,,,,,,,,,,,,,,Indiv,,,,,,,,Indiv,,,,,,,,,,,,,,,,,,,,,,,,,,,,,,,,,,,,,,,,,,,,,,Indiv
,,,Indiv,,,,,,,,,Indiv,,,,,,,,,,,,,,,,,,,,,,,,,,,,,,Indiv,,Indiv,,,,,,,,,,,,,,,,,,,,,,,,,,,,,NV,,,,,,,,,,,,,,,,,,,,,,,Indiv,Indiv,,,,,,,,,,,,,,,,,,,,,,,,,,,,,,,,,,,,Indiv,,,,,,Indiv,,,,Indiv,,,,,,,,,,Indiv,,,,,,,,,,Inc,,,,,,,,,,,,,,,,,,,,,,NV,,,,,,,,Indiv,,,,,,Indiv,,,,,,,,,,,,,,,,,,,,,,,,,Indiv,,,,,,
,,,,,,,,,,,,,,,,,,,,,Inc,,,,,,,,,,,,,,,,,,,,,,,,,,,Indiv,,,,,,,,,,,,,Indiv,,,,,,,,Indiv,,,,NV,,,,,,,,Indiv,,,,,,,,,,,,,,Indiv,Inc,,,,,,,,,,,,,,,,,,,,,,,,,,,,,,,,,,,,,,,Indiv,,,,,Indiv,,,,,,,,,,,,,,,,,,,,,,,,,,,,,Indiv,,,,,,,,,,,,Exc,,,Indiv,,,,,,,,,,,Indiv,,,,,,,,,,,,Indiv,,,,,,,,,,,,Indiv,,,,,,,,,,,
,,,,,,,,,,,,,,,,,Exc,,,,,,,Indiv,Indiv,,,Indiv,,,,,,,,,,,,,,,Indiv,,,,,,,,,Indiv,,,,,,,,,,,,NV,,,,,,,,Indiv,,,,NV,,,,,,,,,,,,,,,,,,,,,,,,,,,,Indiv,,,,Indiv,,,,,,,Indiv,,,,,,,,,,,,,Indiv,,,,,,Indiv,,,,,,,,,,,,,,,Indiv,,,,,,,,,,,,Indiv,,,,NV,,,,,,,,,,,,,,,,,,,,,,,Indiv,,,,,,,Indiv,,,,,,,,,,,,,,,,,,,,,,,,,,,,,,,,,,,
,,,,,,,,,,,,,,,,,,,,Inc,,,,,,,,,,,,,,,,,,,,,,,,,,,,,,,,Indiv,,,Inc,,,,,,,,,Inc,,,,,,,,,,,,,,,,,,,NV,,,,,,Indiv,Inc,,,,,,,,,,,,,,,,Inc,,,,,,,,,,,,,,,Indiv,,,,,,,,,,,,,,,,,,,,,,,,,,,Indiv,,,,Indiv,,,,,,,,,,,,,,,,,,,,,,,,,,,,,,,,,,,,,,,,,Indiv,,,Indiv,,Indiv,,,,,,Indiv,,,Inc,,,,,,,,,,,,,Indiv,Indiv,,Indiv,,,,,,,
,,,,,,,,,,,,,,,,,,,,,,,,,,,,,,,,,,,,,,,,,,,,,,,,,,,,,,,,,,,,,,,,,,,,,,,,,,,Indiv,,Indiv,,,Indiv,,Indiv,,,,,,,,,,,,,,,,,,,,,,,,,,,,,,,,,,,,,,,,,,,,,,,,,,,,,,,,,Indiv,,,,Indiv,Inc,,,Indiv,,,Indiv,,,,,,,,,,,,,,,,,,,,,,,,,Indiv,,,,,,,NV,NV,,,,Indiv,,,,,,,,,,,,,,NV,,Indiv,,,,,,Indiv,Indiv,,,,,,,,,,,,NV,,,,,,,,
,,,,,,,,,,,,Indiv,,,,,,,,,,,,,,,,,,,,,,,,,,,,,,,,,,,,Indiv,,,,,,,,,,,Indiv,,,,,,,,,,,,,,,,,,,,,,,,,,,,,,,,,,,,,,,Inc,,,,,Inc,,,,,,,,,,,,,,,,,,,,,,,,,,,,,,,,,,,,,,,,,,,,,,,,,Indiv,,,,,Indiv,,,,,,,,,,,Indiv,Indiv,Indiv,,,,Indiv,,,,,,,,,,,,NV,,Indiv,,,,,,Indiv,,,,,,,,,,,,,,,Indiv,,,,,,,,,,,,,,Indiv,,,,,,NV,
,,Inc,,,,,,,,,Indiv,,,,Indiv,,,,,,,Indiv,,,,,,,Indiv,Indiv,,,,,,,,,Indiv,NV,,,,,,,,,Indiv,,,Indiv,,,,,,,,,,,,,,,,,,,,,,,,,,,,,,Indiv,,,,,,,,,,,,,,,,,,,,,,Indiv,,,,,,,NV,,,,,,,,Indiv,,Indiv,,,,,,,Indiv,,,,,Indiv,,,,,Indiv,Indiv,Indiv,,Indiv,,,,,,,,,,,NV,,,,,,,,,,,,,,,Indiv,,,,,,,,,,NV,,,,,,,,,,,,,,,,,Indiv,,,,,,,,,,,,,,,,,,Indiv,,,,,,,,,,,,,,,,,
,,,,,,,,,,,,,,,,,,,,,Indiv,,,,Indiv,,,,,,,,,,,,,Inc,,,,,,,,Indiv,,,,,,,,,,,Inc,,,,,,,,,,,,,,,,,Indiv,,,,,,,,,,,,,,,,,,,,,,,,,,NV,,,,,NV,,,,,,,,,Indiv,,Indiv,,,,,,,,,,,NV,,,,,,,,,,,,,,,,,,,,,,,,Indiv,,,,,,,,,,,,,,,,,,Indiv,,,,,,Indiv,,,,,,,,,,,,,,,,,,,,,,,,Indiv,Indiv,,,,,,,,,,,,,,,,,,,,,,,,,,,,,,
,,,,,,,,,,,,,,,,,NV,,,,,,,,,,,,,,,,,,,,,,,,,Indiv,,,,,,,,,,,,,,,,NV,,,,,,,,,,,Indiv,,,,,,,,,,,,,,,,,,,Indiv,,,,,,,,,,,NV,,,,Inc,,,,Indiv,,,,,Indiv,Indiv,,,,Inc,,,,,,,,,NV,,,,,,,,Indiv,,,,,,,,,,,,,,,,,Indiv,,,,Indiv,,,,Indiv,,,,,,,,,,,,,,,,,,,,,,,,,,,,,,,,,,,,,,,,,,,,,,,,,,,,,,,Indiv,,,,,,,,,,,,,,,,
,,,,,,,,,,,,,,,,,,,,,Indiv,,,,,,,,,,,,,,,,,,,,,,,,Inc,,,,,,,,,,,,,,Indiv,,,,,,,,,,,,,,,,,,,,,,,Indiv,,,,Indiv,Indiv,,,Inc,,,,,,,,,Indiv,,,,,,,,,,,,,,,,,,Inc,,,Indiv,Indiv,,,,,,,,,,,,,,Inc,,,,,,,,,,,,,,,Inc,,,,,,,,Indiv,,,,,,,,,,,,,Indiv,,,,,,,NV,,,,,,,,,,,,,NV,,,,,,,,,,,,,,,,,,,,,,,,,,,,,,,,,,,,,,,
,,,,,,,,,,,,,,Inc,,,,,,,Indiv,,Indiv,,,,,,,,,,,,,,,,,,,,,,,,,,,,,Indiv,,,,,,,,,,,,,,Inc,,,,,,,,,,,,,Indiv,,,,,,,,,Indiv,,Indiv,,,,,,Indiv,,,,,,,,,,,,,,,,,,,,,NV,,,,,,,,Inc,,,,,,Inc,Inc,,,,,,,,,,,,,,,,,,,,Indiv,,,,,,,,,,,,,,,,,,,,,,,,,,,,,Indiv,Inc,,,,,,,,,,,,Indiv,,,,,,,,,,,,,,,,,,,,,,,,,Indiv,Indiv,,,,,,,,,,
,,,,,,,,Indiv,,,,,,,,,,,,,Indiv,,Indiv,,,,,,,,,,Indiv,,,,,,,,,,,,,,NV,,,,Indiv,,,,,,,,,,,,,,,,,,,,,,,,,,,,,,,Indiv,,,,,,,,,,,,,,,Indiv,,,,,,,,,,,,NV,,,,,,,,NV,,,,,,,,,,,,,,,,,,,,Indiv,,,,,,,,,Exc,,,,,,,,,,,,,,,,,,,,,,,,,,,Indiv,,,,,,Indiv,NV,,,,Indiv,,,,,,,,,,,,,,,,,Inc,,,,,,,,,Indiv,,Indiv,,,,,,,Indiv,Indiv,,,,Indiv,,,,,,
,,,,,,,,,,Indiv,,,,,,,,,,,,,,,Inc,,,,Indiv,,,,,,,,,,,,,,,,,,,Indiv,Indiv,Inc,Indiv,,,Indiv,,,,,,,,,,,,,,,,,,,,,,,,NV,,,,,,,,,,,,,,,,,,,,,,,,,,,Inc,,,,NV,,,,,,,,,,,,,,,,,,,,,,,,Indiv,,,,,,,,,,,,,,,,,,Indiv,,,,Indiv,,,,,,,,,,,,,Indiv,,,,,,,,,,,,,,,,,Indiv,,,,,,,,,,,,Inc,,,,,,,,Indiv,,,,,,,,,,,,,,,,,,,,,,,,,
,,,,,,,,,,Indiv,,,,,,,,,,,,,,Indiv,,,,,,,,,,,,,,,,,,,,,,,,,,,,,,,,,,,,,,,,,Exc,NV,,,,,Indiv,,,,,,,,,,,,,,,,,,,,,,,,,,,,,,,,,,,,,,,,,,,,,,,,,,,NV,,,,,,,,,,,,,,,,,,,,,,,,,,,,,,,,,,,,,,,,,,,,,,,,,,,,,,,,Inc,,,,,,,,,,,,,,,Indiv,,,,,Inc,,,,,,,Indiv,,,Indiv,,,,,,,,,,,,,,,,,Indiv,,,,,
,,,,,,,,,,,,,,,,,,,,,,,,,,Indiv,,,,,NV,,,,,,,,,,,,,,,,,,,Indiv,,,,,,,,,,,,,,,,,,,,,,,,,,,,,,,,,,,,,,,,,,Indiv,,,,,,,,,,,,,,NV,,Indiv,,,,,,,,,,,,,,,,,,,,,,,,,,,,,,,,Indiv,,,Indiv,,,,,,,,,,,,,,,,,,,,,,,,,Indiv,,,Inc,,,Indiv,,,,,,,,,,,,,,Inc,,Inc,,,Indiv,,,,,,Indiv,,,,,,,,,,,,,,,,,,,,,,,,,,,,,,,
,,,,NV,,,,,,,,,,,,,,Indiv,,,,,,,,,,,,,,,,,,,,,,,Exc,,,,,,,Indiv,,,,Indiv,,,,,,,,,,,,,,,,,,,,,,,,,Indiv,,,,,,,,,,Indiv,,,,Indiv,,,,,,,NV,,,,,,,,,,,,,,,,,,Indiv,,,,,,,,,,,,,,Indiv,,,,,,,,,,,,,,,,,,,,,,,,,,,,,,,,,,,,,,,,,,,,,,,,,,Indiv,,,,,,,,,,,,,,,,,,,,,,,,,,Indiv,Indiv,,Indiv,,,,,,,,Inc,Indiv,,,,,,,,,,,,
,,,,,,,,Indiv,,,,,,,Indiv,,,,,,,,,,,,,,,,Indiv,,,,,,,,,,,,Indiv,,,,,,,,,,,,,,,,,,,,,,,,,,,,,,,,,,,,,,,,,,,,,,,,,Indiv,,,Indiv,,,,,,,,,,,,,Inc,,,,,,,,,,,,,,,,,,,,,,,,NV,,,,,,,,,,,,,,Indiv,,,,,,,,,,,,,,,,,,,,,,,,,,,,,Indiv,,,,,,,,,,,,,,,,,,,,,,,,,,,,,,,,Indiv,,,,,,,,,,,,,,,NV,,,,,Indiv,,NV,
,,,,,,,,,,,,Indiv,,,,,,,,,,NV,,,,,,,,Inc,,,,,NV,,,,,,Inc,,,,,,,,,,,,,,,Indiv,,,,,,,,,,,,,,,,,,,,,,,,,,Indiv,,,,,Indiv,,,,,,,,,,,,,,,,,,,,,NV,,,,,,,,,,,,,,,,,,,,,,,,,,,,,,Indiv,,,,,,,,,,,,,,,,Indiv,Indiv,,,,,,,,Indiv,,,,,,,,,Indiv,,,,,,,NV,,,,,,,,,,,,,,,,,,,,Exc,,,,Indiv,,,,,,,,,,,Indiv,,,,,,,,,,,,,,,,
,NV,,,,,,,,,,,,,,,,,,Indiv,,Indiv,,,,,,,Indiv,,,,,,,,,,,,,,,,,,,,,,,,,,,,,,,,,,,,,NV,,Indiv,,,,,,,,,,,,,,,Indiv,,,,,,,,,,,,,,,,,,,,,,,,,,,,,Inc,,,,,,,,,,,,,,,,,,,,Indiv,,,,,,,,,,,,,,,,,,,,,,,,,,,,,,Indiv,,,,,,,,,,,,,,NV,,,NV,,,,,,,,,,Indiv,,,,,,,,,,Indiv,,,,,,Indiv,,,,,,,,,,,,,,Indiv,,,,NV,,,,,,,,
,,,,,,,,,,,Indiv,,,,Indiv,,,,,,,,,,,,,,,,,,,,,,,,,,,,Indiv,,,,,,,,,,,,Indiv,,,,,,,,,NV,,,,,NV,,,,,,,,,,,,,,,,,Indiv,,,,,Indiv,,,,,,,,,,,,,,,,,,,,,,,,Indiv,,,,,,,,,,,,,Indiv,,,Indiv,,,,,,,,Indiv,,,,,,,,,,,,,,,Indiv,,,,,,,,,,,NV,,,Indiv,,,,,,,,,,,,,,,,Indiv,,,NV,,,,,,,,,,,,Indiv,,,,,,Indiv,,,,,,,,Inc,,,,,,,,,,,,,,,,,
,,,,,,,,,,Indiv,,,,,,,Indiv,,,,,,,,,,,,,,,,,,,,,,,,,,,,,,,Indiv,,,,,,,,,,NV,,,,,,,,,,,,,,,,,,,,,,,,,,,,,,,,,,,,,,,,,,,,,Inc,,,,,,,,,,,,,,,,,,,,NV,,,,,,,,,,,,Indiv,,,,,,,,,,,,,,,,,,,,Indiv,,,,,,,,,,,,,,,,,,,,Indiv,,,NV,,,,,,,,,,,,,,,,,,,,Indiv,,,,,,,,,,,,,,,,,,,,,,,Indiv,,,,,,,,,
Indiv,,,,,,,Indiv,,,Indiv,,,,,,,,,,,,,,,,,,,,,,,,,,Exc,Inc,,,,,,,,,,,,,,,,,,,,,,,,,,,,,,Indiv,,,,,,,,,,,Inc,,,,,,,,,,,,,,,,,,Indiv,,,,NV,,,,Indiv,,,,,,,,,,,,,,,,,Indiv,,,,,,,,,,Inc,,,,,,,,,,,,,,,,,,,,,,,,,,,Indiv,,,,,NV,,,,,,,,,,,,,,NV,,,,,,,,,,,,,,,Indiv,,,,,,,,,NV,,,,,,,,,,,,,Indiv,,,,,,Indiv,,,,,,,,,NV,
,,,,,,,,,,,Indiv,Indiv,,,,,,,,,Indiv,,,,,,,Indiv,,,,,,,,,,,,,,,,,,,,,,,,,,,,,,Indiv,,,,,,,,,,,,Indiv,,,,,,,Indiv,,,,,,,,,Indiv,,,,,,Indiv,,,,,,,,,,,,,,,,,,,,,,,,,,Indiv,,,,,,,,,,,,,,,,,,,Indiv,,,,,,,,,,Indiv,,,,,,,,,,,,,,,,,,,,,,,,,,,,,,,,,,,,,,Indiv,,,,,,,,,,,,,,,Indiv,,,,,,,,,,,,,,,,,,,,,,,,,,,,,,
,NV,,,NV,,,,,,,,,,,,,,,,,,,Indiv,Indiv,,,,,,,,,,,,Indiv,,,,,,,,,,,,,,,,,,,,,,,,,,,,,,,,,,,,,,,,,NV,,,,,,,,,,,,,,,,,,,,,,,,,,,Indiv,,,,,,,,Indiv,,,,,,,,,,,,,,,,,NV,,,,,,,,,,,Indiv,,,,,,,,,,,,,,,,,,,Indiv,,,,,,,,,,,,,,,,,,,,,,,,,,,,,,,,,,,,,,NV,,,,NV,,,,,,,,,,Indiv,,,,,,,,,,,NV,,,NV,,,,,NV
,,Indiv,,,,,,,,,,,,,,,,,,,,,,,,,,,,,,,,,,,,,,,,,,,,,,,,,,,,,,,,,,,,,,,,,,,,Indiv,,,,,,,,,Indiv,,,,,,,,,,,,,,,,,,,,,,Inc,,,,,,,,,,,,Indiv,,,,,,,,,,,,,,,,,,,NV,,,,,,,,,,,,,,,,Indiv,,,Indiv,,Indiv,,,,,,,,,,,,,,,,,NV,,Indiv,,,,,,,,,,,,,,,,,,,,,,,,,,,,,,,,,,,,,,,,,,,Indiv,,,,,,,,,Indiv,,Indiv,,Indiv,,
,,,,,Exc,,,,,,,,,,Indiv,,,,,,,,,,,,,Indiv,Inc,,,,,,,,,,,,,Indiv,,,,,,,,NV,,,,,,,,,,,,,,,,,,,,,,,NV,,,Indiv,,,,,,,,,,,,,,Indiv,,,,,,,,,,,,,,,,,,,,,,,,,,,NV,,,,,,,,,Indiv,Indiv,,,,,,,,,,Indiv,,,,,,Indiv,,,,,,,,,,,,,,,,,,,,,,,,,,,,,,,,,,NV,,,,,,,,,,,,,,Inc,Indiv,,,,,,,,Indiv,,,,,,,,,,,,,,,Indiv,,NV,Indiv,,,Indiv,,,,,,,,,
,,,,,,,,,,,,,,,,,,,,,,,,,,,,,,,,,,,,,,,,,Indiv,,,,,,,,,,,,,,,,,,Indiv,,Indiv,,,,NV,,,,,,,,,,,,,,,,,,,,,,,,,,,,Indiv,,,,,,,NV,,,,,,,,,,,,,,,,,,,,,,,,,,,,,,,,Inc,,,,,,,Inc,,,,,,,,,,Inc,,,,,,,,,,,,,Inc,,,,,Indiv,,,,,,,,,,,NV,,Indiv,,Indiv,,,,,,,,,,,,,,,,,,,,,,,,,,,,,,,,,,,,,,,,,,,,,,,,
,,,,,,,,,,,,,,,,,,,,,,,,,,,,Indiv,,,,,,,,,,,,,,,,,,,,,,,,,,,,,,,,,,,,,Inc,,,,,,,,,,,,,,,,,,,,,,,,,,,,,Indiv,,,,NV,,,,,,Indiv,,,,,,,,,,,Indiv,,,,,,,,,,NV,,,,,Indiv,,,,,,,,,,Indiv,,,,,,,,,,,,,,,Inc,,,Indiv,Indiv,,Exc,,,,,,,,,,,,,,,,,,,,,,,,,,,,,,,,,,,,,,,,,,,,,,,,,,,,,,,,,,,,,Inc,,,,,,,,
,,,,,,,,,,,,Indiv,,,,,,,,,,,,,,,,,,,,,,Indiv,,,,,,,,,Indiv,,,,,,,,,,,,,,,Indiv,,,,,,,,,,,,,,,,,,,,,,,,,,,,,,,,,,,,,,,,,,Inc,,,,,,,,NV,,,,,,,Indiv,,,,,,,,,,,,,,,,,,,,,,,,,,,,,,,,,,,,,Indiv,,,,,,,,Indiv,,,,,,,,,,,,Indiv,,,,,,,,,,,,,,,,,,,,,,,,,,,,,,,,Indiv,,,,,,,,,,,,,,,,,,,,,,,,,,
,Inc,,,,,,,,,,,,Indiv,,,,,,Indiv,,,,Indiv,,,,,,,Inc,,,,,,,,,,NV,,,,,,,,Indiv,,,,,,,,,,,,,,,,,,,,,,,,,,Indiv,,,,,,,,,,,,,Indiv,,Indiv,,,,,,,,,,,,,,,,,Inc,,,,,,,,,Indiv,Indiv,,,,,,,,,,,,,,,,,,,,,,,,,,,,,,,,,,,,,,,,,,,,,,,,,,,,,,,,,,,,,,,,,,,,,Indiv,,,Indiv,,,,,,,,,,,,,,,,,,,,,,,,,,,,,,,,,,,,,,,,Indiv,,
,,,,,,,Indiv,,,,,,,,,,,,,,,,,,,,,,,,,,,,,,,,,NV,,,,,,,,,,,,,,,,,,,,,,Indiv,,,,,,,,Indiv,,,,,,,,,,,,,NV,,,,,,,,,,,,,,,,,,,,,,,,,,,,Exc,,,,,,,,,,,,,,,,,,,,,,,,,,,,,,,,,,Indiv,,,,,,,,,,,,,,,Indiv,,,,,,,,,,,,Indiv,,,,,,,,,,,NV,,,,,Indiv,,,,,,,,,,,,,,,,,,,,,,,,,,,,,,,,,,,,,,Indiv,,,,
,,,,,,,,,,,,Indiv,,,,,,Indiv,,,,,,,,,,,,,,,,,,,,,,,,,,,,,,,,,,,,,,,,Indiv,,,,,,,,,,Inc,,,,Indiv,,,,,,,,,,,,,,,,,,,,,,,,Indiv,,,,,,,,,,,Inc,,,,,,,,Indiv,,,,,,,,Indiv,,,,,,,,Exc,,,,Indiv,,,,,,,,,,,,Indiv,,,,,,,,,,,Indiv,,,,,,,,,,,Indiv,,,,,,,,,,,,,,,,,,,,Indiv,,,,,,,,,,,,,,,,,Indiv,,,,,,,Indiv,,,,,,,,,NV,,,,,,,,
,,,,,,,,,,,,,,,,,,,,,,,,,,,,,,,,,,,,,NV,,Inc,,,,,,Indiv,Indiv,,Indiv,,,,,,,,,,,,,,,,Inc,,,NV,,,,,,,,,,,,,Indiv,NV,,,,,,,,,,,,,,,,,,,,,,,,NV,,,,,,,,,,,,,,,,,,,,,,Indiv,,NV,,,,,,Inc,NV,,,,,,,,,,,,,,,Indiv,,,,,,,,,Indiv,,,,,,Indiv,,,,,,,,,,,,,,,,,,Indiv,,Inc,,Indiv,,Exc,,,,,,,,Indiv,,,,,,,NV,,,,,,,,,,,,,,,Indiv,Indiv,,,,,,,,,
,,,,,,,,,,,,,,,,,,,,,,,Indiv,,,,Inc,,,,,,,,,,,,,,,,,,,,,,,,,,,,,,,,,,,,,,,,,,Indiv,Indiv,,,,,,,,,,,,,,,Indiv,,,,Indiv,,Indiv,Indiv,,,,,,,,,,,,,,,,,,,,,,,,,NV,,,Indiv,,,,Indiv,,,,,,,,,,,,,,,,,,,,,,,,,,,,,,,,,,,Indiv,,,,,,,,,,,,,,,,,,,,NV,,Indiv,,,,,,,,,,,NV,,,,,,,,,,,,,,,,,,,,,,,,,,,Indiv,,,,Indiv,,,,,,,
,,,,,,,,,,,,,,Indiv,,,,,,,,,Indiv,,,Indiv,,Indiv,,,,,,,,,,,,,,,,,,,,,,,,,,,,,,,,,,,,,,,,,NV,,,,,Indiv,,,,,,,,,,,,,,,,,,,,,,,,,,,,,,,,,,,,,,,,,,,,,,,,Exc,,,NV,,,,,,,,,,Indiv,Inc,,,,,,,,,,,,,,,,,,,,,,,,,,Indiv,,,,,,,,,Indiv,,,,,,,,,,,,,,,,,,Indiv,,,,,,,,,,,,,Inc,,,,,,,,,,,Indiv,,,,,,,,,,,,,,,,Inc,
,,,,,,,,,,,,,,,,,,,,NV,,,,,,,,,,,,,,,,,,,,,,,,,,,,,,,,,,,NV,,,,,,,,,,Exc,,,,,,,,,,,,,,,,,,,,,Indiv,,,,NV,,,Indiv,Indiv,,,,,,,,,,,,,,,,Indiv,,,,,,Indiv,,,,,,,,,,,,,,,,,,,,,,,,,Indiv,,,,,,,,,,,,,,,,,,,,,,,,,,,,,,,Indiv,,,,,,,,,,,,,,,,,,,,,,,,,,,,,,,,,,,,,Indiv,Indiv,,,,,,,,,Indiv,,Indiv,,,,,,,,,
,,Indiv,,,,,,Indiv,,,,,,,,,,,,,,Indiv,,,,,,,,,,,,,,,,,,,,,,,,,,,,Inc,,Indiv,,,,,,,,,,,,,,,,,,,,,,,,,,,,,Inc,,NV,,Inc,,,,,,Indiv,,,,,,,,,,,,,,,,,,,,,,,,,,,,,,Indiv,,,,,,,,,,,,,,,,,,,,,,,,,,,,,,,,,,,,,,,,,,,,,,,,,,Indiv,,,,,,,,,NV,,,,,,,,,,,,,Indiv,,,,,,,,,,,,,,,,,,,,,,,,,,,,,,,,,,,,,
,,,,,,,,,,,,,,,,,,,,NV,,,,,,Indiv,Indiv,,,,,,,,,,NV,,,,,,,,,,Inc,,,,,,,Indiv,,,,,,,,,,,,,,,,Indiv,,,,,,,,,,,,,,,,,,,,,,,,,,,Indiv,,,,,,,,,,,,,,,,,,,,,,,,,,,,,,,,,,,,,,,,,,,,,Indiv,,,,,,,,,,,,,,Indiv,,,,,,,Inc,,,,,,,,,Indiv,,,,,,,NV,,,,,,,,,,,,,,Indiv,,,,,,,,,,,,,,,,,,,Indiv,,,,,,,Indiv,,,NV,,,,,Indiv,,,NV
Indiv,,,,,,,,,,,,,,,,Indiv,,,,Indiv,,,,,Indiv,,,,,,,,,Indiv,NV,,,,,,,,,,,,,,,,,Indiv,,,,,,,,,,,,Inc,,,,NV,,,,,,,,,,Inc,,,,,,,,,Indiv,,,,,,,,,,,,,,,,,,,,,,,,,,,,,,,,,,,,,,NV,Inc,,Exc,Indiv,Indiv,,,,,,,,,,Indiv,,,,,,,,,,,,,,,,,,,,,,,Inc,,,,,,,,,,Exc,,,,,,,,,,,,,,,,,,,,,,,,,,,,,,,,,,,,,,,,,,,,,,Indiv,,,,,,,,,,,
,,,,NV,,,,,,,,,,,,,Indiv,,Indiv,,,,,,,,,,NV,,,,,,Inc,,,,,,,,,,,,,,,,,,,,Inc,,,,,,,,,NV,,,,,,,,,,,,,,,,,,,Inc,,,,,,,Indiv,,,,,,,,,,,,,,Indiv,,,,,,,,,Indiv,,,,,,,,,,,,,,,Indiv,,,,,Inc,,,,,,Inc,,,,,,,,Indiv,,NV,,,,,,,,,,,,,,,,,Indiv,,,,,,,,,,,,,,Indiv,Indiv,,,,,,,,,,,,,,,,,Indiv,,,,,Indiv,,,,,,,,,Indiv,,,,,,,,,,,,,,Indiv,Indiv,,,
,,,,,,,,,,,,,,,,,,,,,,,,,,,,,,,,,,,,,,,,,,,,,,,,,,,,,,,,,,,,,,,,,,,,,,,,,,Indiv,,Indiv,,,,,,,,,,,,,,,,,,,,,Indiv,,,,,,,,,,,,,,,,,,,,,,,,,,Indiv,,,,,,,,,,,,,,,,,,,,,,,,,,,,,,,,,,,Indiv,,Indiv,,,,,Exc,,,,,Inc,,,,,,,,,,,,,,,,,,,,,,,,,,,,,,,,,,,,,,,,,,,,,,,,,,,,,,,,,,,,
,,,,NV,,,,,,,,,Indiv,,,,,,,,,,,,,,,,,,,,,,,,,,,NV,,Indiv,,,Indiv,,,,,,,,,,,,,,,,,,,,,,,,,,,,,,,,,,,,,Indiv,,,,,,Indiv,,,,,,,,,,,,,,,,,,,Exc,,,,,,,,,,,,,,,,,,,,,,,,,,,,,,,,,,,,,,,,,,,,Indiv,,,Indiv,,,,,,Indiv,,,,,,,,,,,,,,,,,,,,,,,,,,,,,,,,,,,,,,,,,Indiv,,,,,,,,,,,,,,,,,,Indiv,,,,Indiv,,,,,,,
,,,,,,,Indiv,,,,Exc,,,,,,Indiv,,,,,,,,,,,,,,,,,,,,,,,,,,Indiv,,,,,,,,,,,,,,,,,,Indiv,,Indiv,,,,,,,,,,,,,,,,,,,,,,,,,,,,,,,,,,,,,,,,,,,,,,,,,,,,,,,,,,Indiv,,,,Inc,,,,,,,NV,,,,,,,,,,,,,,,,,,Indiv,,,,,,,,,,,,,,Indiv,,,,,,,,Indiv,,,,,,NV,,,,,,,,,,,,,,,,,,,,,,,,,,,,,,Indiv,,,,,,,,,,,,,,,,,,,,,NV,NV
,Inc,,Indiv,,,,,,,,,,,,,,,,,,,,Indiv,,,Indiv,,,,,,,,,,,,,,,Indiv,Indiv,Indiv,,,,,,,,,,Indiv,,,,,,,,,Indiv,Indiv,,,,,,,,,,,,,,,,,Indiv,,,,,NV,,,,,,,,,,,,Indiv,,,,,,,Indiv,,,,,,,,,,,,,,,Indiv,,,,,,,,,,,,,NV,,,,,,,,,,Indiv,,,,,,,,Indiv,,Indiv,,Indiv,,,,,,Indiv,,,,,,,,,,,,,,,,,,,,,,,,Inc,,,,Indiv,,,,,,Indiv,,,,,,,,,,,,,Indiv,,,,,,,,,,,,,,,,,,,,Indiv,,,
,NV,,,,Exc,,,,,,,,,,,,,,,,,,,,,,,,,,,,,,,,,Inc,,,,,,,,,,,,,,,,,,,,Indiv,,,,Indiv,,,,NV,,,,,,,,,,NV,,,,,,,,,,,,,,,,,,,,,,,,,,NV,,,,,,,,,,,,Indiv,,,,Inc,,,,,,,,,,,,,,,,,,,,,NV,,,,,,,,,,,,Indiv,,,Indiv,,,,,,,,,,,,,,,,,,,,,,,,,,,,,,,,,Indiv,,,,,,,,,,,,,,,,,,,,,,,,,,,,,,Indiv,,,,,,,,,,,,,
,,,,,,,Indiv,,,,,,,,,,,,,,,,Indiv,,,,,,,,,,,,,,,,,,,,Indiv,,,,NV,,,,,,,,,,,Indiv,,,,,,,,,,,,,,,,,,,,,,,,,,,,,,,,,,Indiv,,,,,,,,,Indiv,,,,,,NV,Indiv,,,,,,,,,,,Indiv,,,,,,,,,Indiv,,,,,,,,,,,,,,,,,,,,,,,,,,,,,,,,,,,,,,,,,,,,,,,,,,,,Indiv,,,,,,,Indiv,,,,,,Indiv,,,,,,,,,,Indiv,,,,,,Indiv,,,,,,,,,,,,,,,,NV,,,,,
,,,,,,,,,,,,Indiv,,,,,,,,,,,,NV,,,,,,,,,Indiv,,,,,,,Indiv,,,,,,,,,,,,,,,,,,,,,Indiv,,,,,,,,,,,,,,,,,,,,,,,,,,,,,,,,,,,,,,,,,,,,,,,,NV,,,,,,Indiv,,,,,,,Inc,,,,,,,,,,,,,Indiv,,,,,,,,,,,,,Indiv,,,,,,,,Indiv,,,,,,,,,Inc,Indiv,,,,,,,,,,,,,,,,,,,,,Indiv,,,,,,,,Indiv,,,,,,,,,Indiv,,,,,,,,,,,,,,,,,,,,,,,,,NV,
,,,,,,,,,,,,,,,,,,,,,,,,,,,,,,,,,,,,,,,,,,Indiv,Indiv,,,,,,,,,,,Indiv,,,,,,,,,,,,,,,,,,,,,,,,,,,,,,,,,,,,,Inc,,,,,,,,,,,,NV,,,,,Indiv,,,,,,,,,,,,,,,,,,,,,,,,,,Indiv,,,,,,,,,,,,,,,,Inc,,,,,,,,,,,Indiv,,,,,,,,,,,,Indiv,,,,,,,,,,,,NV,,,,,,,,,,,,,,,,,Indiv,,,,,,,,,,,,,,Inc,,,,Inc,,,,,Exc,,,,,
,Inc,,,,,,,,,,Indiv,,,,,,,,,,,,,,,,,,,,,,,,,,,,,,Indiv,,,,Indiv,,,,,,,,,,,,,,,,,,Indiv,,,,,,,,Indiv,,,,,,,,,,,,,,,,,,,,,,,,,Indiv,,,,,,,,,,,,Exc,,,,,,,Indiv,,,,,,,,,,,,,,,,,,,,,,,,,,,,,,,,,Indiv,,,,,,,,,,,,,,,,,,,,,,,,,,,,,,,,,,,,,,Indiv,,,,,,,,,,,,,,,,,,,Indiv,,,,,Indiv,,,,,,,,,,,,,,,,,,,,
,,,,,,,,,,,Indiv,,,,,,,,,,Indiv,,,,,,,,,,,,,,,,,,,,,Indiv,,,,,,Indiv,,,,,,,,,,,,,,,,,,,,,,,,Indiv,,,,,,,,,,,,,,,,,,,,,,,,,,,,,,,,,,,,,,,,,,,,,,,,,,,,Indiv,,NV,,,,,,,,,,,,,Inc,,,,,,,,,,,,,,,,,,,,Indiv,,,,,,,,,Indiv,,,,,,,,,,Inc,,,,,NV,,,,,,,,,,,,,,,Indiv,,,,,,,,,,,,,,,,,,,,,,,,,,,,,,,,
,,,,,,,,,,,,,,,,,,Indiv,,,Inc,,,Indiv,,,,,,,,,,,,,,NV,,,,,,,,,,,,,,Indiv,Indiv,,,,,,,,Indiv,,,,,Inc,,,,,,,,,,,,,,,,,,,,,,,Indiv,,,,,,,,,,,,,,,,,,,,,,,,,,,,,,,Exc,,,,,,,,,,,,,,,,,,,,,,,Indiv,,,,,,,,,,,,Indiv,,,,,,,,,,,,,,,,,,,,,,,,,,,,NV,,,,,,,,,,,,,,,,,,,,,,,,,,,,,Inc,,,,,,,,,,,,Indiv,NV,,Indiv,,,
,,,,,,,,,,,,,,,,,,,,,Indiv,,,,,,,,,,,Indiv,,,,,,,,,,,,,,,,,,,,,,,,,Inc,,,,,,,,,Inc,,,,,Indiv,,Inc,,,,,,,,,,,,,,,,,,,,,,,,,,Indiv,,,,NV,,,,,,,,NV,,,,,,,,,,,,,,,,Indiv,,,,,,,Indiv,,,,,,,,,,,,,,,,,,Indiv,,,,,,,,,,,Inc,,,,,,,,,,,,,,,,,,,,,Indiv,,,,,,,,,,,,Indiv,,,,,,,,,,,Indiv,,Indiv,,,,,,,,,,,,,,,,,,,,,
,,Indiv,,,,,,,,,,,,,,,,,,,Indiv,,,,,,,NV,,,,,,,,Indiv,,,,,,,,,,,,,,,,,,,,,,,,,Indiv,,,,,,,,,,,,,,,Indiv,Indiv,,,,,,,,NV,,,,,,,,,,,,,,,,,,,,,,,,,,,,,,,,,,,,,,,,,,,,,,,,,,,,,,,,,,,,,,,Indiv,,,Indiv,,,,,,,,,,,,,,,,,,,,,,,,,,,,,,,,NV,,,,,,,,,,Inc,,,,,,,,,,,,,,,,Indiv,,,Indiv,,,,,,,,,,,,,,,,,,
,,,,,,,Inc,,,,,,,,,,,,,,,,,,,,,,,,,,,,,,NV,,,,,,,Indiv,,,,,,,,,,,,,,,,,,,,,,,,,,,,,,,,,,,,Indiv,,,,,Inc,Indiv,,Indiv,,,,Indiv,,,Indiv,,,,,,,,,,,,,,,,,,,,,,,,,Indiv,,,,,,,,,,,,,,,,,,,,,Indiv,,,,,,,,,,,Indiv,,,,,,,,,,,,,,,,,,,,,,,,,,Inc,,,,,,,NV,,,,,,,,,,,,,,,,,,,,,,,,,,,,,,,,,,,,,NV,,,,,,Indiv,,
,,,,,NV,,,,,,,,,,,,,,Inc,,,,,,,,,,,,,,,,,,,,,,,,,,,Indiv,,,,,,,,,,,,,,,,,,NV,,,,,,,,Indiv,,,,,,,,,,,,,,,,Indiv,,,,,Indiv,,Indiv,,,,,NV,,,NV,,,,,,,,,,,Indiv,Indiv,,NV,,,,,,,,,NV,,,NV,,,,,,,,,,,,,,Indiv,,,,,,,,,,,,,,,,,,,,,,,,,,,,,,,,,,,,,,Indiv,,,,,,,,,,,,Indiv,,,,,Indiv,,Indiv,,,,Indiv,,,,,,,,,,,,,,Indiv,,,,,,,,,,,,
,,Inc,,,,,,,,,Indiv,,,,,,,,,,,,,,,,,,,,,,,,,,,,,,,,,Indiv,,,,,,,,,,,Inc,,,,,,,,,Indiv,,,Indiv,,,,,,,Indiv,,Indiv,,,,,Indiv,,,,,,,,,,,,,,,,,,,,,,,Indiv,,,,,,,,,,,,,,,,,,,,,,NV,,,,,,,,,,,,Indiv,,Indiv,,Indiv,,,,,,,Inc,,,,,,,,,Indiv,,,Indiv,,,,,,,,,,,,,,,Indiv,,,,,,Inc,,,,,,,,,,,,,,,Inc,,,,,,,,,,,,,,,,,,,,,,,,,,Indiv,,,,,Indiv,,Inc
,,,,,,,,,,,,,,,,,,,,,,,,,Indiv,Indiv,,,Indiv,,,,,,,,,,,,,,,,,Indiv,NV,,,,,,,,,,,,,,,,,,,Indiv,,,,,Exc,,,,,,Indiv,,,,,,,,,,,,,,,Indiv,,,,,,,,,,,,,,,NV,,,,,,,,,,NV,,,,Inc,,,,,,,,,,,,,,,Indiv,,,,,,,,,,,,,,,,,,,,,,Indiv,,,,,,,Inc,,,,,Inc,,,Inc,,,,,,,,,,,,,,,,,,,,Indiv,,,,,,,Indiv,,,Indiv,,,,,,,,,,,,,,,,,,,,,,,,,,,
,,,,,NV,,,,,,,,,,,,,,,Inc,Indiv,,,,,,,,,,,,,,,,,,,,,,Indiv,,,,,,,,,,,,,,,,,,,,,,NV,Inc,,,,,,,,,,,,,,,,,,,,,,,,,Indiv,,,,,,,Inc,,,,Indiv,,,,,,,,,,,,,,,,,,,,,,,,,,,,,,,,,,,,,,,,,,,Indiv,,,,,,,,,,,,,,,,,,,,,,,,,,,,,,,,,,,,,,NV,Indiv,,,,,,,,,,,,,,Indiv,,,,,,,,,,,Indiv,,Inc,,,,,,,,,,,,,,,,,,NV,
,,,,,,,,Indiv,,,,,,,,,,,NV,,,,,,,,,,,,,,,,,Indiv,,,,,,,,,,,Inc,,,NV,,,,,Inc,,,,,,,,,,,,,,,,,,,,,,,,,,,,,,,,,,,,,,,,Indiv,,,,,,,,,,,,,,,,NV,,,,,,,,,,,,,,,Inc,Indiv,,,,Inc,,,,,Indiv,,,,,,,,,,,,,,,,,,,,,,,,,,,,,,,,,,,,,,,,Indiv,,,,,,Indiv,,,,,,,,,,,Indiv,,,,,,,,,,,,,,,,,,,,,,,,,,,,,NV,,,,,,,,
,,,,,,,,,,,,,,,,,,,,,Indiv,,,,,Indiv,,,,,,,,,,,,,,,,,,,,,,,Indiv,,,Indiv,,,,,,,,,,,,,,,,,,,,,,,,,,,,,,,,,,,,,,,,,,,,,Indiv,,,,,,,,,,,,NV,Indiv,,,,,,,,,,,,,,Inc,,,,,,,,,Indiv,,,,,,,,,,Indiv,,Indiv,,,,,,,,,,,,,,,,,,,,,,,,,,,,,,,Indiv,,,,,,,,,,,,,,,,,,Indiv,,,,,,,,NV,,,,,,,,,,,,,,Exc,,,,,,,,,Inc,,,,,
,,,,,,,,,,,,,,,,,,,,,,NV,,,Indiv,,,,,,,,,,,Indiv,,,,,,,,,,Indiv,,,,,,,,,,,,,,,,,,,,,,,,,,,,,Indiv,,,,,,,,,,,,,,,,,,,,,,,,,,,,,,,,,,,,,,,,,,,,,,,,,,,NV,,,,,,,,,,,,,,,,,,,,,Indiv,,,,,,,,,,Indiv,,,,,,,,,,NV,,,,,Indiv,,,,,,,,,Indiv,,,,,,,,,,,,,,,,,,,,,,,,,Indiv,,,,,,,,,,,,,,NV,,,,,,,,,,
,,,,,Inc,,Indiv,,,,,,,,,,,,,,NV,,,,,,,,,,,,,,Inc,,,,,,,,,,,,,,,,,,,,,,,,,,,,,,,,,,,,,Indiv,,,,,,,,,,,,,,,,,,,,,,,,,Indiv,,,,,,,,,,,,,,,,,,,,,,,,,,,,,,,,,,,,,,Inc,,,,,,NV,,,,,Indiv,,,,,,,,,,,,,,,,,Inc,,,,,,,,,,,,,,,,,,,,,,,,,,Indiv,,,,Indiv,,,,,,,,,,,,,,,,Indiv,,,,,Indiv,,,,,Indiv,,,,,Indiv,,,,,,
,,,Indiv,,,,,,,,Indiv,,Indiv,,,,,,,,,,,,,,,,,,,,,,,,,,,,Indiv,,,,Indiv,Indiv,,,,,,,,,,,,,,,,,,,,,Indiv,,,,,,,,,,,,,,,,,,,,,,,,,,,,,,,,,,,,,,,,,,NV,,,,,,,,,NV,,,,,,,,,,,,,,,,,,,Indiv,,,,,,,,,,,,,,,,,,,,,,,,Indiv,,,,,,,,,,,,,,Indiv,,Exc,,,,,,,Inc,,NV,,,,,,,,,,,,,,,,,,Indiv,,,,,,,,,,,,,,,,,,,,,,,NV,,,
,,,,,,,,,,,,,,,,,,,,,,,,,,,,,,,,,,,,,,,,,,,,,,,,,,NV,,,,,,,,,,,,,,,,,,,,,,,,,,,Indiv,,,,,,,,,,Indiv,,,,,,,,,,,,,,,,,,,,,,,,,,,,,,,,Indiv,,,,NV,,,,,,,,,,,,,Indiv,,,,,,,,,Indiv,,,,,,,,,,,,,,,,,,,,,,,,,,,,,,,,,,,,Indiv,,,,,,,,,,Indiv,,Indiv,,,,,,,,,,,Indiv,,,,,,,,,,,,,,Indiv,,,,,,,,,,,,
,,,,,,,,,,,,,,,,,,,,Inc,,,,,,,,,,,,,Indiv,Indiv,,,,,,,,,Exc,,Indiv,,,,,,Indiv,,,,,,,,Indiv,,,,,,,,,,,,,,,,,,,,,,,Indiv,,,,,,,,,,,,,,,,,,,,,,,,,,,,,,,,,,,,,,,,,,,,,,,,,,,,,Indiv,,,,,,,,,,,,Indiv,,,,,,,,NV,,,,,,,,,,Inc,Indiv,,,,,,,,,,,,,,,,,,,,,,,,,,,,Indiv,,,,,,,,,,,,,,,,,,,,,,,,,,,,,,,,,,,,
,,,,NV,,,,,,Indiv,,Indiv,,,,Indiv,,,,,,,,,,,,,,,,,,,,,,,,,,,,,Indiv,,,,,,,,,,,,,,,Indiv,,,,,,,,,,,,,,,,,,,Indiv,,,,,,,,,,,,,,Indiv,,,,,,,Inc,,,,,,,,,NV,,,,,,,,,,,,,,,,,,,,,,,,Indiv,,,,,,,,,,,Exc,,,,,,,,,,,,,,,,,,,,,,,,Indiv,,Indiv,,,,,,,,,,,,Indiv,,,,,,,,,,,,,,,,,,,,,,,,,,,,,Inc,,,,,,,,,,,,,,,,,,,
,,,,,NV,,,,,,,,,,,,,,,,,,,,,,,,,,,,,,,,,,,,,,,,,Indiv,,,,,,,,,,,,,,,Indiv,,,,,,,NV,,,,,,,,,,,,,,,,,,,,,,,,,,,,,,,,,,,,,,,,,,Indiv,,,,,,,,,,,,,,,,,,,NV,,,,,,,,,,,,,,,,,,,,,,Indiv,,,,,,,,,,,,,,,Indiv,Indiv,,,,,,,,,,,,,,,,,,,,,Indiv,,,,,,,,,,,,,,,,,,,,,,,,,,,,,,,,,,NV,,,,,Indiv,,,
,,,,Exc,,,,,,,Indiv,,,NV,NV,,,,,,,,,,,,,,,,,,,,,,,,,,,,,,,,,,,,,,,,,,,,,,,,NV,,,,,,,,,,,,,,,,,,,,,,,,,,,,,,,,,,,Indiv,,,,,,,,,,,NV,,,,,,,,,,,,,,,,,,,,,,,,,,,,,,,,,,,,,,,Indiv,,,,,,,,,,Indiv,,Indiv,,,,,,,,,,,,,,,,,,,,,,,,,,,,NV,,NV,,,,,,,NV,,,,,,Indiv,,,,,,,,,,,,,,,,,,,NV,,,,,,,,
Indiv,,,,NV,,,,,,,,,,,,NV,,,,,,,,,,,,,,,,,,,NV,,,,,,,,,,,,,,,Inc,,,Indiv,,,Indiv,,,,,,,,,NV,,Indiv,,,,,,,,,Indiv,,,,,Indiv,,,,,,,Indiv,,,,,,,,,,,,,,,,,,,,,,,,,,,,,,Indiv,,,,,,,,,,,,,,,,,,,,,,Indiv,,Indiv,,,,,,,,,,,,,,,,,,,,,,,,,,,,,,NV,Indiv,,,Indiv,,,,,,,,,,,,,,Indiv,,,,,,,NV,,,,,NV,,,,,,,,,,,,,,NV,,,,Indiv,,,,,,,Indiv,,,
,,,,,,,,,,,,,,,,,,,,,,,,,,,,,,,,,,,,,NV,,,,,,,,,,Inc,,,,,,,,,,,,,,,,,,,,,,,,,,,,,,,,,,,,,,,,,,,,,,Indiv,,,,,,,,,,,,,,,,,,,,,,,,,,,,,,,,,,,,,,,,,,,,,Indiv,,,,,,,,,,,,,,,,Indiv,,,,,,,,,,,,,,,,,,,,,,,,,,Indiv,,,,,,,,,,,,,,,,,,,NV,,,,,,,,,,,,,,Indiv,,,,,Indiv,,,,,,,,Indiv,,,,
,,,,,,,,,,Indiv,,,Indiv,,,,,,,,,Inc,Indiv,,Indiv,,Indiv,,,Indiv,Indiv,,,,,Indiv,,,,,Indiv,,,,NV,,,Indiv,,,,,,,,,,,,,,Indiv,,,,NV,,,,,,,,,Indiv,,,,,,,,,,,,,,,,,,,,,,,,,,,,,Indiv,,,,,,,,,Indiv,,,,,,,,,,,,,,,,,,,,,,,,,Indiv,,,,Indiv,,,,,,,,,Indiv,Indiv,,,,,,Indiv,,,,,,,,,,,,,,,,,,,,,,,,,NV,,,,,,,Inc,,,,,,,,,,,,,,,Indiv,,,,,,,,,,,NV,,,,,,,,,,,,,,
,Inc,,,,,,Indiv,,,,Indiv,,,,,,,,,,,,Indiv,,,,NV,,,,,Indiv,,Indiv,,,,,,,,,Indiv,,,,,,,,,,,,,Indiv,,,,,,,,,,,,,,,,,,,,Indiv,,,,,,,,,,,,,,,Indiv,,,,,,,,,,,,NV,,,,,,,,,,Indiv,,,Indiv,,Indiv,,,Indiv,,,,,,,,,,,,,,Inc,,,,,,,,,,,,,,,,,,,,,,,,,,,,,,,,,,,,,,,,,Indiv,,,,,,,,Indiv,,,,,,NV,,,,,,,,,Inc,,NV,,,,,,,,,,,,,,,,Inc,,,,,,,,,,,,NV,
,,,Indiv,Inc,,,,,,,,,,,,,,,,,,,,,,,,,,,,,,,,,,,,,,,,,,,,,,,,,,,,,,,,,,,,Inc,Exc,,,,,,,,,,,,,,,,Indiv,,,,,,,,Indiv,,,,,,Indiv,,,,Exc,,,,,,,,,,Inc,,,,,,,,,,,Indiv,,,,,,,,,,,,,,,,,,,,,,,,,,,,,NV,,,,,,,,,,Indiv,,,,,,,,,,Indiv,,,,Indiv,,,,,,,,,,,,,,Indiv,,,,,,,,,,,,,,,,,,,Indiv,,,,,,,Indiv,,,,,Indiv,,,,,,,,,,,,
Inc,,,,,,,,,,,,Indiv,,,,,,,,,,,Indiv,,,,,,,,,,,,,,,,,,,,,,,,,,,,,Indiv,,,,,,,,,,,,,,,,,,,Indiv,,,,,,,,,,,,,,,,,,,,,,,,,,,,,,,,NV,,,,,,,,,,,,,,NV,,,,,,,,,Inc,,,,,,,,,,,,,,,,,,,,,,,,,,,,,,,,,,,,Indiv,,,,,Indiv,,,,,,,,,,,,,,,,,,,,Indiv,,,,,Indiv,,Indiv,,,,,,,,Indiv,,,,,,,,Indiv,,,,,,Inc,,,,,,,Indiv,,,,,,,
,,,,,,,,,,,,,,,,,,,,,,,,,,,,,,,,,,,,,,,,,Indiv,,,,,,,,,Inc,,,,,,,,,,,,,,,,Inc,,,,,Indiv,,,,,,,,,,,,,,,,,,,,,,,,,,,NV,,,,,,,,,,,,,,,,,,,,,,,,,,Indiv,,,,,,,,,,,,,,,,,,,,,,,,,,Inc,,,Inc,,,,,,,,,,,,,,,,,,,,,,,,,,,,Indiv,Inc,,,,,,,,,,,,,,,,Indiv,,,,,,Indiv,,,,,,Indiv,NV,,,,,,Indiv,,,,Indiv,,,Indiv,,,,,,
Indiv,,,,,,,,,,,Indiv,Indiv,,,,,,,,,,,,,,Indiv,,,,,,,,,,,,,,,,Indiv,,,,,,,,,,,,Indiv,,,,,,,,,,Inc,,,,,,,,,,,,,Indiv,,,,,,,,NV,,,,,,,,,,,,,,,,,Indiv,,,,,,,,,,,,,,,,,,,Indiv,,,,,,,Indiv,,,,,,,Indiv,,Indiv,,Indiv,,,,,,,,,,,Indiv,,,,,,,,,,,,,Inc,,,Indiv,,,,,,,,,,,,,,,,,,Indiv,,,,,,,NV,,,,,,,,,,,,,,,,,,,,Indiv,Indiv,,,,,,,,,,,,,NV,,,,,
,,,,,,,,Indiv,,Indiv,,,,,,,,,,,,,Indiv,,,,,,,,,,,,,,NV,,,,,NV,,,,,,,Exc,,,,Indiv,,,,,,,,,Indiv,,,Inc,,Indiv,,,,,Indiv,NV,,Indiv,,,,,,,,,,,,,,,,,,,Indiv,,,,,,,,,,Indiv,,,,,,,Exc,,,,,,,Indiv,,,,,,,,,,,,,Indiv,,,,,,,,,,,,,,,,,,,,,,Indiv,,,,,,,,,,,,,,,,,,,,,,,Indiv,,,,,,,,,,,,,,,,,,,,,,,,,,,Indiv,Indiv,,,,,,,,,,,,,,,Indiv,,,,,,,,Indiv,,,
,,,,,,,,,,,,,,,,,,,,,,,,,,,,,,,,,,,,,NV,,,,,Indiv,Indiv,,,,,,,,,,,,,,,,,,,,NV,,,,,,Indiv,Indiv,Indiv,Indiv,,,,,,,,,,,,,NV,,,,,,,,,,,,,,,,,,,,,,Inc,,Exc,,,,,,,,,,,Indiv,,,,,,NV,,Indiv,NV,,,,,,,,,,,,,Indiv,,,,,,Indiv,,,,,,,,,,,,,,Indiv,,,Inc,,,,,,,Indiv,,,,,,,,,,,,,,,Indiv,,,,,,,,,,,,,,,,,,,,,,,,,,,,,,,,,,,,,,,,Indiv,,Exc,
,,,,,,,,,,,,,,,,Inc,,,,,,,,,,,,,,,,,,,,,,,,Inc,,,,,,,,,,,,,,,,,,,,,,,,,,,,,,,,,,,,,,,,Indiv,,,,,,,,,,,,,,,,,,,,,,,,,,,,,,,,,,,,,,,,,,,,,,,,,,,,,,,,,,,,,,,,,,,,,,,,,,,,,,,,,,,,,,,,,,,,,,,,,,,,,,,,,,,NV,,,,,,,,,,,Indiv,,,,,,,,,,,,,,,,,,,,,,,,,,,NV,,,,,
Indiv,,,,,,,,,,,,,,,,,,,,,,,,,,,,,,,,,,,,,,,,,,,,,Inc,,,,,,,,,,,,,,,,Indiv,,,,,,,,,,,,,Indiv,,,,,,,,Indiv,,,,,,,,,,Indiv,,,Indiv,,,,,,,,,,,,,,,,,,,,,,,,,,Indiv,,,,NV,,,,,,,,,,,,,,,,,,Indiv,,,,,Indiv,,,,,,Indiv,,,,,,,,,,,,,,Indiv,,,,,,,,,Inc,,,,Indiv,,,,,,,,,,,,,,,,,,,Indiv,,,,,,,Indiv,,,,,,,,,,,,Indiv,,,,,,,,,,,
,,,,,,,,,,,,,,,,NV,,,,,,,,,,,,,,,,,,,,,,,,,,,,,,,,,,,,Indiv,,,,,,,,,,,,,,,,,,,,,,,,,,,,,,,,,,,,,,,,,,,,,,,,,,Indiv,,Indiv,,,,,,,NV,,,Indiv,,,,,,,,,,,NV,,,,,,,,,,,,,,,,Indiv,,Indiv,,,,,,,,,,,,,,,,,,,,,,,,,,,Indiv,,,,,,,,Inc,,,,Indiv,,,,,,,,,,,,,,,,,,,,,,,,,,,,,Indiv,,,,,,,,,,,,,,,,,,,
,,,,,,,,,,,,,,,,,,,,,,,,,,,,,,,,,,,,,,,,,Indiv,,Indiv,,,,,,,,,,,Indiv,,,,,,,,,,,,,,,,,,,Inc,,,,Indiv,,,,Indiv,,,,,,,,,,,,,,,,,,,,Indiv,,,,,,,,,,,Indiv,,,,Indiv,,,,,,,,,,,Exc,,,,,,,,,,,,,,,,,,,,,,Inc,,,,,,,,Indiv,,,,,,,,,,,,,Indiv,Inc,,,,,,,,NV,,,Indiv,,,,Inc,,,,,,,,,,Exc,NV,,,,,,,,,,,,,,,,,,Indiv,,Indiv,,Indiv,,,,,Indiv,,,,,Inc,Indiv
,,,,,,,,,,,,,Indiv,,,,,,,,,,,,,,,,Indiv,,,,,,,Indiv,,,,,,,,,,,,,,,,,,,,,,,,,,,,,,,,,,,,,,,,,,,,,,,,,,,,,Indiv,,,,,,,,,,Indiv,,,Indiv,,,,,,,,,,,,,,,,NV,,,,,,,,NV,,,,,Indiv,,,,,,,,,,,,,,,,,,,,,,,,,,,,,,,,,,,,,,,,,,,,,,,NV,Inc,,,,,,,,,,,,,,,,,,,,,,,,,,,,,,,,,,,,,,,,,,,,,,Inc,,,,,
,,,,,,,,,,Indiv,,Indiv,,,,,,,,,,,,,,,,,,,,,,,,,NV,,,,,,,,,,,Indiv,,,,,,,,,,,,Indiv,,,,,NV,,,NV,,,,,,,,,,,,,,,,,Inc,,,,,,,,,,,,,,,,,Indiv,,,Inc,,,,,,,,,,,,,,,,,,Indiv,,,,,,,,,,,,,,,,,,,,,,,,,,,,,,,,,,,,,,,Indiv,,,,Indiv,,,,,,,,,,,,,,,,,,,,,,,,,,,,,,Inc,,Indiv,,,,,,,,,,,,,,,,,,,,,,,,,,,,,Indiv,,,
,,,,,NV,,,,,,,,,,,,,,,,,,,,,,,,Indiv,,,,,Indiv,,,Inc,,,,,,,,,Indiv,,,,,Indiv,,,,,,,,,Exc,,,,,,,,,,,,,Exc,Indiv,,,,,,,,,,,,,,,,,,,,,,Indiv,,,,,,,,,,,,,,,,,,,,,,,,,,,,,,,,,,,,,,,,,,,,,,,,,Indiv,,,,,,,,,,,,,,,,,,,,,,,,,,,,,,,,,,,,Indiv,,,,,,,,,,,,,,Indiv,,,Indiv,,,,,,,,,,,,,,Indiv,,,Indiv,,,,,,,,,,,,,,,
,,,,,,,,,,Indiv,,,,,,,,Indiv,,,,,,,,,,,,,,,,,,,,,,,,,,,,,,,,,,,,,,,,,Indiv,,,,,,,,,,,,,,,,,,,,,,,,,,,Indiv,,,,,,,,Indiv,,,,,,NV,,,,Indiv,,,,,NV,,,,Inc,,,,,,,Indiv,,,,,,,,,,,,,,,,,,,,,,,,,,,,,Indiv,,,,,,,,,,,Indiv,,,,,,,,,Indiv,,,,,,,,,,,,,,,,,,,,,,,,,,,,,,,,,,,,,,,,,,,,,,,,,,,,,,,,,,,,,
,,,,,,,Indiv,,,Indiv,,,,,,,Indiv,,,,,,,Indiv,,,,,,Indiv,,,,,,,,,Inc,,Indiv,,,,,,,,,,Indiv,,Indiv,,,,,,,,Indiv,,,,,,,,,,,,,,,,,,,,,,,,,,,,,,Indiv,,,,,,,,,,,,,Indiv,,,,,,,,,,,,,,,,,,,,,,,,,,,,,,,,,Indiv,Indiv,,,,,,,,,Indiv,,,,,Indiv,,,,,,,,,,,,,,,,Indiv,Indiv,,,,,,,,,,NV,,,,NV,,,,,,,,,,,,,,,,,,,,Indiv,,,,,,Indiv,,,,,,,NV,,Indiv,,,,,,,,,,,,
,,,,,,,,,,,,,,,,,,,,,,,,,,,,,,,,,Indiv,,,,,,,,,,,,,,,,,,,,,,,,,,,,,Indiv,Indiv,,,,,,,,,,,,,Indiv,,,,,,Indiv,,Indiv,,Indiv,Indiv,,,,,,,,,,,,,,,,,Indiv,,,,,,,,,,,,,,,,,,,,,,,,,,,,,,,,,,,,,Indiv,,,,,,,,NV,,,,,,,,,,,,,,,,,,Indiv,,,,,,,,,,,,,Inc,,,,,,,,,,,,,,,,,,,,,,,Indiv,,,,,,Indiv,,,,,,,,,,,,,,,,,,,Indiv,,
,,,,,,,,,,,,,NV,,,,,,,,,,,,,,,,,,,,,,,,,,,,,,,Inc,,Indiv,NV,,NV,,,Indiv,Indiv,,,,,,,,Indiv,Indiv,Indiv,,,,Indiv,,,,,,,,,,,,,,,,,,,,Indiv,,,,,,,,Exc,,Indiv,,,,,,,,,,,,,,,,,,,,,,,,,,,,,,,,,,,,,,,,,,,,,,,,,,,,,,,,Indiv,,,,,,,,,,,,Indiv,,,,,,,,,,,,,,,,,,,,,Indiv,,,,,,,,,,,,,,,,,,,,,,,,,,,,,,,,,,,,,,Indiv,,,,,,
Indiv,,,,,,,,,Exc,,,,,,,,,,,,,,,,,,,,,,,,,Indiv,,,,,,,,,,,,,,,,,Indiv,,,,,,,,,,,,,,,,Indiv,,,,,,,,Indiv,,,,,Indiv,,,,,,,,,,,,,,,,,,,,,,Indiv,,,,Inc,,,,,,,,,,,,,,,,,,,,,,,,,,,,,,,,,,,,,,,,,,,,,,,,,,Indiv,,,,,,,,,,,,,,,,,,,,,,,,,,Indiv,,,,,,,,,,,,,,,,,,,,Inc,,,,,Indiv,Indiv,,,,,,,,,,,,,,,,,NV,,Indiv,,,
,,,,,,,,,,,,,,,,,,,,,,Indiv,,,Inc,,,,,,,,,,,,,,,,,,,,,,,,,,,,,,,,,,,,,,Indiv,,,,,,,,,,,,,,,,,Indiv,,,,,,,,,,,Indiv,,,,,,Indiv,,,,,Indiv,,,,,,,,,,,,,,,,,,,,,,,,,,,,,Inc,,,,,,,,,,,,,,,,,Indiv,,,,,,,,Indiv,,,,,,,,,,,,,,,,,,,,,,,NV,,,,,,,,,,,,,,,,,,,,,,,,,,,,,,,,,,,,Indiv,,,,,,,,,,Inc,,,,,
,,,,,,,,,,,,,Indiv,,,,,,,,,,,,,,,,,,,Indiv,,,,,,,,NV,,,,,,,,,,,,,,Indiv,,,,,,,,,,,Exc,,,Inc,,,,,,,,NV,,,,,,,,Indiv,,,,,,,,,,,,Indiv,,,,,,,,,,,,,,,,,,,Indiv,,,,,,Indiv,,Indiv,,,,,,,,,,,,,,,,,,,,,,,,,,,,,,,,,Indiv,,,,,,,,,,,,,,,,,,,,,,,,,,,,,,,,,,,,,,,,,,,,,,,,Indiv,,,,,,,,,Inc,,,,Inc,,,,,,,,NV,,,,,
,,,,,,,,,,,,,,,,,,,,,,,,,,,,,,,,Indiv,,,,,,,,Indiv,,,,,,,,,,,,,,,,,,,,,,,,,,,,,,,,,,,,,,,,,,,,,,,,,,,,,,Indiv,,,,,,,,,NV,,,,,NV,,Indiv,,,,,,,,,,,,,,,,,,Indiv,,,,,,,,Inc,,,,,,,,,,,,,,,,,,,Indiv,,,,Indiv,,,,,,,Indiv,,,,,,,,,,,,,,,,,NV,,,,,,,,Indiv,,,,,,,,,,,,,,,,,,,,,,,,,,,,,,,,,,,,,,NV,
,,,,,,,,,,,,,,,,,,,,,,,Indiv,,,,,,,,,,Indiv,Indiv,,,,,Indiv,,,,,,,,,,NV,,,,,,,,Indiv,Indiv,,,,,,,,,,,,,,,,,Indiv,,,,Indiv,,,Indiv,,Indiv,,,,,,,,Indiv,,,,,Indiv,,,,,,,,Indiv,,,,,,,,,,,,,,,,,,,,,,,,,,,,,,,,,,,,,,,,,,,,,,,,,,,Inc,,,,,,,,,,,,,,,NV,,,,,,,,,,,,,,,,,,,,,,,,,,,,,,,,,,,,,,,,,,,,,,,,,Indiv,,,,,,,,,,
,,,,,,,,,,,,,,,Inc,,,,,,,,,,,,NV,,,,,,,Indiv,,,NV,,,,,,Indiv,,,,,,,,,,,,,,,,,Indiv,,,,,,,,,,,,,,,,,,,,,,,,,,,,,,,,,,,,,,,,,Indiv,,,,,,,,Exc,,,,,,,Indiv,,,,,,,,,,,,,,,,Inc,,,,,,,,,,,,,,,,,,,,,,,,,,,,,,,,,,,,,,,,,,,,,,,,,,,,,,,,,,,,,Indiv,,,,,,,,,,,,,,,,,,,,,,,,Inc,,,,,,,,,,,,,
Indiv,,,,,,,,,,,,,,,,,,,,,,,,,,,,,,,,,,,,,Inc,NV,Indiv,,,,,,NV,,,,,,,,,,,,Inc,,,,,,,,,,,,,,,,,,,,,,,,,,,,Indiv,,,,,,,,,,,,,,,,,,,,,,,,,,,,,,,,,,,,,,,,,,,,,,,Inc,,Indiv,,,,,,,,,,,,,,,,,,,,,,,,NV,,,,Indiv,,,,,,,,,,,,,,,,,,,,,,,,,,,,,,,,,,,,,,,,,,,,,,Indiv,,Indiv,,,,,,NV,,,Inc,,,,,,,Inc,,,,
,,,,,,,,,,,,,,,,,,Indiv,,,,,,,,,,,,,,,,,,,,Exc,,,,,,,Indiv,,,,,,,,,,,Indiv,,,Indiv,,,,,,,,Indiv,,,,,,,,,,,,,,,,,,,,,,,,,,,,,,,,,,,,,,,,,,,,,,Indiv,,,,,,,,Indiv,,,,,,,,,,,,,,,Indiv,,,,,,,,,,Indiv,,,,,,,,,,,,,,,,,,,,,,,,Inc,,,,,Indiv,,,,,,,,,,Indiv,Inc,,,,,,,,,,,,,,,,,,,,,,,,,,,,,,,NV,,,,,,,,,,,,Inc,
,,,,,,,,,,,,,,Exc,,,,,,,,,,,,,,,,,,,,,,,,,,,,,,,,,,,,,,,,,,,,,,,,,,,Exc,,,,,Indiv,,,,,,,,,,,,,,,,,,,,,,,,,,,,,,,,,,,,,,,,,,,,,,,,,,,,,,,,,,,,,,,Indiv,,,,,,,,Indiv,,,,,,,,,,,Indiv,,,,,,,,,,,,,,,,,,,,,,Indiv,,,,,Inc,,,,,,,,,,,,,,,,,,,,,,,,,,,,,,,,,,,,,,,,,Indiv,,,,,,,,,,
,,,,,,,,,,Inc,,,,,,,,,,,,,,,,,,,,,,,,,,,,,NV,,,,,,,,,,,,,,,,,,,,,,,,,,,,,,,,,,,,,,,,,,Indiv,,,,,,,,,,,,,,,,,,,,,,,,,,,,,,,,,Indiv,,,,,,,,,,,,Exc,,,,,,,,,,,,Indiv,,,,,,,,,,,,,,,Indiv,,,,Indiv,,,,,,,,,,,,,,,,,,,,NV,,,,,,,Indiv,Inc,,,,,,,Indiv,Indiv,,,,,Indiv,,,,,,,,,,,,,,,,,,,,,,,,,,,,,,,,
,,,,,,,,,,,,,,,,Indiv,,,,,,,,,,,,,,,,,,,,,,,NV,,,,,,,,,,,,Indiv,,,,Inc,,,,,,,,,,,,Indiv,,,,,Indiv,,,,,,,,,,,,,,,,,,,,,,,,,,,,,,,,,NV,,,,,,,Indiv,,,,,,,,,,Inc,Indiv,,,,,,,,,,,,,,,,,Indiv,,,,,,,,Indiv,,,,,,,Indiv,,,,Indiv,,,,,,,,,,,,,,Indiv,,NV,,,,Indiv,NV,,,,,,,,,,,,,,,,Indiv,,,,,,,,,,,,,,,,,,,,,,,Indiv,,,,,,,,,,,
,,Indiv,,NV,,NV,,,,Indiv,Indiv,,,,Indiv,,,,,,,,,,,,Exc,,,,,,,,,,,,,NV,,,,,,,,,,,,,,Indiv,,,,,,,,,,,,,,,Indiv,,,,,,,,,,,,,,Inc,,,,,,,,,,Indiv,,,,,,,,,,,,,,,,,,,,,Indiv,,,,,,,,,,,,,,,,,,,,,,,,,,,,,,,,,,,NV,,,,,,,,,,,,,,,,,,,,,,,,,,,,,,,,,,NV,,,,,,,,,,,,,,,,,,,,,,Indiv,,Exc,,,,,,NV,,,,,,,Indiv,,,,,,Indiv,,,,
,,Indiv,,,,,,,,,,,,,Indiv,,,,,,,,,,,,,,,,,,,,,,,,,,,,,,,Indiv,,,,,Indiv,,,Indiv,,,,,,,,,,,,,,,,,,,,,,,Indiv,,,,,Indiv,,,,,,Indiv,,,,,,,,,Indiv,,,,,,,,,,,,,Indiv,,,,,,Indiv,,,Indiv,,,,,,,,,,,,,Inc,,,,,Indiv,,,,,,,,Indiv,,,,,,,,,,,,,,,,,,,,,,,,,,,,,,,,NV,,,,,,,,,,,,Indiv,,,,,,,,,,,,,,,,,Indiv,,,,,,,,,,,,,,Indiv,,,,,,,,Indiv,,Indiv
,,,Indiv,,NV,,,,,,,,,,,Inc,Indiv,,,Inc,,,,,,,,,,,,,,,,,,,,Indiv,,,,,,,,,,,,,,,,,,,,,,,Indiv,,,,,,,,,,,,,,,,,,,,,,,,Indiv,,,,,,,,,,,,,,,,,,,,,,,,,,,,,,Inc,,,,Indiv,,,,,,,Indiv,,,,,,,,,,,,,,,Indiv,,,,,,,,,,,,,,,,,,,,,,,,,,,,,,,,,Indiv,,,,,,,,,,,,,,,,,,,,,NV,,,,Inc,,,,,Indiv,,,,,,Indiv,,,,NV,,,,,,,,,,,,,,
,,,,,,,,,,,,Indiv,,,,,,Indiv,,,,,,Indiv,,,,,Indiv,,,,,,,,,,,,,,,,,,,,,,Indiv,,,,,,,,Indiv,,,,,,,,,,,Indiv,,,NV,Indiv,,,,,,,,,,,,,,,,,,Indiv,,Indiv,,Indiv,,,,,,,,,,,,,,Indiv,,,,,,,,,,,,,,,,,Indiv,,Indiv,,,,,,,Inc,,,,,,,,,,,,,,,,,,,,,,,,,,,,,,,,,,,,,,,,,,,,,,,,,,,,,,,,Exc,,,,,,,,,,,,Indiv,,,,,,,,,,,,,,,,,,,,,,,Indiv,Indiv,,
Indiv,NV,Indiv,,,,,,,,,,,,,,,,,,,,,,,,,,,,,,,,,,,,,,,,,,,,,,,,,,,,,,,,,,,,,,,,,,,,,,,,Indiv,,,,Exc,,,,,,,,,,,,,,,,,,,,,,,,,,,,,,,,,NV,Indiv,,,,,,,,,,,,,,,,,,,,,,,,,,,,,,,,,,,,,,,Indiv,,,,,,,,,,,,,,,,,,,,,,,,,,,,,,,,,,Indiv,,,,,Indiv,,,,,,,,,,,,,,,,,,,,Indiv,,,,,,,,,,,,,,,,Inc,,,,
,,,,,,,Indiv,Indiv,,,,,,,,,,,,,,,,Indiv,,,,Indiv,,,,,,,,,,,,,,,,,,,,,,,,Indiv,Indiv,Indiv,,,,,Indiv,,,,,,,,Indiv,,,,,,,,,,,,,,,,,,,,,,,,Indiv,,,,,,,,,NV,Indiv,,,,,,NV,Inc,,,,,,,,,,,,,,,,,,,,,,,,,,,,,,,,Indiv,,,,,,,,,,,,,,,,Indiv,,,,,,,,,,Indiv,,,,,,,,,,,,,,,,,,,,,,,,,,,,,,,,,,,,,,,,,,,,,,,,,,,,,,,,,,,,,,,,
,,,,,,Inc,,,,,,,,,,,,,,,,,,Indiv,,,,,,,,,,,,,,,,,,,,,,,,,,,,,,,,,,,,,,,,,,,,,,,,,Indiv,,,,,,,,Indiv,Indiv,,,,,,,,,,,,,,,Indiv,,,,,,,,,,,,,,,,,,,,,,,,,,,,,,,Indiv,,,,,,,,,,,,,,,,,,,Indiv,,Indiv,,,,,,Indiv,,,,,Indiv,,,,,,Indiv,,,,,,,,,,,,,,,,,,Indiv,,,,,,,,,,,Indiv,,,,,,,,,,,,,,NV,,,,,,,,,,,,,,,,,,,,,
,,,,,,,,,,Indiv,,,,,,,,Indiv,,,,,,,,Indiv,,NV,,,,,Indiv,,,,,,,,,,,,,,,,,,,,,,,,,,,,Indiv,,,,,NV,,,,,,Indiv,,,,,,,,,,,Inc,,,,,,,,,,Indiv,,,,,,,,,,,,,,,,,,,,,,,,,,,,,,,,,,,,Indiv,,,,,,,,,,,,,,,,,,,,NV,,,,,,,,,,,,,,,Indiv,,Indiv,,,,,,,,,,,,,,,,,,,,,,,,,,,,,,,Inc,,,,,,,,,,,,Indiv,,Inc,,,,,,,,,Indiv,,,,,,,,,,
,NV,Indiv,,,,,,,,,,,,,,Inc,,,,,,,,,NV,,,,,,Indiv,,,,,,,NV,,Indiv,,,,Indiv,,,,,,,,,Indiv,,,,,,Indiv,,,,,Inc,,,,,Indiv,,,,,,,,,,Indiv,,,,,,,,,,,,,,,,,,,,,,,,,,,,,,,,,,,,,Indiv,,,,,,,,,,Indiv,,,,,,,,,,Indiv,,,NV,,,,,,,,,Indiv,,,,,Indiv,,,,,,,,,,,,,,,,,,,,,,,Indiv,,,,,,,,,,,,,,,NV,,,,Indiv,Indiv,,,,,,,,,,Indiv,,,,,,,,,,,NV,,,,,,,,,,,,,
,NV,,,,,,Inc,,,,,,,,,Indiv,,,,,,,,,,,,,,,,,,,,,,,,,Indiv,,,,,,,,,,Indiv,,,Indiv,,,,,,,,,,,,,,,,,,,,,,,,,,Indiv,,,,Indiv,Exc,Indiv,,,,,,,,,,,,,,,,,,,,,,,,,Inc,,,,,,,,,,,,,,,,,,,,,,,,,,,,,,,,,,,,,,,,,,,,,,,Indiv,,,,,,,,,,,,,Inc,Indiv,,,,,,,,,,,,,Inc,,,,,,,,,,,,,Indiv,,,,,,,,,,,,,,,,,,,Indiv,,,,,,,,,,,,,
,,,,,,,,,,,,,,,,,,,,,,,,,,Indiv,,,,,,,,,,,,,,,,,,,,,,,Indiv,,,,,,,,,,,,,,,,,,,,,,,,,,,,,,,,,,,,,,,,,,,,Indiv,,NV,,,,,,,,,,,,,,,Indiv,,,,,,,,,,,,,,Indiv,,,,,,,,,,,,,Indiv,,,,,,,,Indiv,,,,,,,,,,,,,,,,,,,,,,,Indiv,,,,,,,,,,,,,,,,Indiv,,,,,,,,,,,,,,Indiv,,,,,,,,,,,,,,,,,,,,,,,,,,,,,Indiv,,,
,,,,NV,,,,,,,,,,,,,,,,,,,,,,,,,,,,,,,,,,,,,,Indiv,,,,,,,,,,,Indiv,,,,,,,,,,,,,,,,,,,,,,,,Indiv,,,,,,,,,,,,,,,Indiv,,,,,,,,,,,,,,,,,,,,,,,,,,,,,,,,,,,,,,,,,,,Indiv,Indiv,,,,,,,,,,,,,,,,,,,,,,,,,Indiv,Exc,,,,,,,,,,,,,,,,,,,,,,,,,,,Indiv,,,,,,Indiv,,,,Inc,,,,,Indiv,,,,,,,,,,,,,,,,,,,,,,,,,,Indiv
Indiv,,,,,,,,,,Indiv,,,,,,NV,,,,,,,Indiv,,,,,,,,,,,,,,,,,,,,,,,,,Indiv,,,,,,,,,Indiv,,,,,Indiv,,,,,,,,,,,,,,,,,,Indiv,,Indiv,,,,,,,,,,,,,,,,,,,,,Inc,,NV,,Inc,,,,,,,,,,,,,,,,,,,,,,,,,,,,,,,,,,,,,,,,,,,,Indiv,,,,,,,,,,,Indiv,,,,,,,,,,Indiv,,,,,,,,,,,Inc,,,,,,,,,,,,,,,Indiv,,,,,,,,,,,Indiv,,,,,,,,,,,,Indiv,NV,,,,,,,,
,,,,,,,,,,,,,,,,,,,,,,,,,,,,,,,,,,,,,,,,,,,,,,,,,,,,,,,,,,,,,Indiv,,,,,,,,,,,,,,,,Indiv,,,,,,,,,,,,,,,,,,,,,,,,,,,,,,,,,,,,,,Indiv,,,Indiv,,,Indiv,,,,,,,,,,,,,,,,,,,,,Indiv,,,,,,,,,,,,,,,,,,,,,,,,,,,,,,,,,,,,,,,,,,,,,,,,,,,,Indiv,Indiv,,,,,,,,,,,,,,,,,,Indiv,,,NV,,,,,,,,,,,,,,
,,,,,,NV,,,,,,,,,,,,Indiv,,,,,,NV,,,,,,,,,,,,,,,,,,Inc,,,,Indiv,,,,,,,,,,Indiv,,,,,,NV,,,,,,,,,,,,,,,,,,,,,,,,,,,,,Indiv,,,,,,Indiv,,NV,,,Indiv,,,,,,,,,,,,,,,,,,,,,,,,Inc,,,,,,,,,,,,,,Indiv,,,,,,,Indiv,,,,,,,,,,,,,,,,,,,Indiv,,,,,,,,,NV,,,,,,,,,,,,,,,,,,,,,,,,,,,,,,,Indiv,,,,,,,,Indiv,,,,,,,,,,,,,,,,
,NV,,,,,,,,,Indiv,,,,,,Indiv,,,,,,,,,,,,,,,,,,,,,,,,,,,,,,,,,,,,,,,,,,,,,,,,,,,,,,,,,,,,,,,,,,,,Indiv,,,,,,,,,Indiv,,Indiv,,,,,,,,,,,,,,,,,,,,,Indiv,,,,,,,,,,,,,Indiv,,,,,,,Inc,Indiv,,,,,,,,,,,,,,,,,,,,,,,,,,,,,,,,,,,,,,,,,,,,,,,,,,,,,,,,,,,,,,,,,,Indiv,Indiv,,,,,,,,,,,,,,,,,,Inc,,,,,,,,
,,,,,,,,,,,,,,,Indiv,,,,,,,Indiv,,,,,,,,,,Indiv,,,,,,,,,,,,Indiv,,,,,,,,,,,,,,,,,,,,,,,,,,,,,Exc,,,,,NV,,,,,,,,,,,,NV,Indiv,,,,,,,,,,,,,,,,,,,,,,,,,,,,,,,,Indiv,,,,,,Indiv,,,,,,,,,,,Indiv,,,,,,,,,,,,,,Indiv,,,,,Indiv,,,,,,,,,,,,,,,Indiv,,,,,,,,,,,Indiv,,,,,,,,,,,,,,,,,NV,,,,,,Indiv,,,,,,,,Exc,,,,,,Indiv,,,,,,,,
,,,,,,,,,,,,Indiv,,,,,,,,,,,,Indiv,,,,,,NV,,,,,,,,,,,,,,,,,,,,,,,,,,,,,,,,,,,,,,,,,,,,,,,,,,,,,,,,,,,,,,Indiv,,,,,,,,,,,,,,,,,,,,,,,,,,,,,,,,,,,,,,,,,,,,,,Indiv,,,,,,,,,,,,,,,,,,,,,,,,,,,,,,,,,,,,,,,,,,,,,,,,,,Indiv,,Indiv,,,,,,,,,,,,Inc,,,,Indiv,,,Indiv,,Indiv,,,,,,,,,,,,,,,,,,,
Indiv,,,,,,,,Indiv,,Indiv,,,,,,,Indiv,,,Indiv,,,,,,,,,,Inc,,,,,,,,,,,,,,,,,,,,,,,,,,,,,,,,,Indiv,,Exc,,,,,,,,,,,,,,,,,Indiv,,Inc,,,Indiv,,,,,,,,,,,,,,,,,,,,,,,,,,,,,,,,,,,,,,,,,,,Indiv,,,,,,,,Indiv,,,,,,,,,,Indiv,,,,,Indiv,,,,,,,,,,,,,,,,,,,,,,,,,,,,,,,,,,,,,,,,,,,,,,,,,,,,Indiv,,,,,,,,Indiv,,,,,,,,,NV,,,,Indiv,,,,
,,,,,,Exc,,,,,Indiv,,,,,,,,,,,,,,,,,,,,,,,,,,,NV,,,,,,,,,,,,,,,,,,,,,,,,,NV,,,,,,,Indiv,,,,,,,,,Indiv,,,,,,,,Inc,,,,,,,,,,,,,,,,,,NV,,,,,,,,,,,,,,,,,,Indiv,,,,,,,,,,,,,,,,,,,,,,Indiv,,,,,,,,,,,,,,,,,,,,,,,,,,,,,,,,,,,,,,,,,,,,,Indiv,,,,,,,,Indiv,,,,,,,NV,Indiv,,,,,,,,,,,NV,,,,,,,,,,,,,
,,,,,,,,,,,,,,NV,,,,,,,,,,,Indiv,,,,,,,Indiv,,,NV,,,,,,,,,,,,,,,,,,,,,,,,,,Indiv,,,,,,,NV,,,,,,,Indiv,,,,,,,,,,Exc,,,,,,,,,,Indiv,,,,,,,,,,,,,,,Indiv,,,Indiv,,,,,,,,,,,,,,,,,,,,,,,,,,,,,,,NV,,,,,,,,,,,,,,,,,,,,,,,,,,,,,,Indiv,,,,,,,,,,,,,,,,,,,,,,,,,,,,,Indiv,,,,,,,,,,,,,,,,,,,,,,,,Indiv,,,
,,,,,,,,,,,,,,,,,,,,,,Indiv,,,,,,,,,,,,,,Indiv,,,,,,,,,,,,,,,,,,,,,Indiv,,,,,,Inc,,,,,,,,,,,,Indiv,,,,,,,,,,,,Indiv,,,,,,,,,,,NV,,,,,,,,Inc,,,,,,,,,Exc,Indiv,,,,,,NV,,,,,,,,,,,Indiv,,,,,,,,,,,,,,,Indiv,,,,,,,,,,,,,,,,Indiv,,,,,,,,,,,,,,,,,Exc,,,,,,,,,,,,,,,,NV,,,,,NV,,,,,,,Indiv,,Indiv,,,,,,,,,,,,,,,,,,,
,,,,,,,,,,,,,,,,,,Inc,,,,,,,,,,,,,,,,,,,,,,,,,,,NV,,,,Inc,,,,,,,,,Indiv,Indiv,,,,,,,,Indiv,,,,,,,,,,Indiv,,,,,,,Indiv,,,,,,Indiv,,,Indiv,,,,,,,,,,,,,,,,,Indiv,,,,,,,,,,,,,,Inc,,,,,,,,,,,,,,,,,,,,Inc,,,,,,,,,,,,,,,,,,,,,,,,,,,,,,,,,,,,Indiv,,,,,Indiv,,,,,,,,,,,,,,,,,,,,,,,,,Indiv,,,,,,,,,,Indiv,,,,,,,,,Inc,Inc
,,,,,,,,,NV,,Indiv,,,,Indiv,,,,,,,Indiv,,,,,Indiv,,,,,,,,,,,,,,,,,,,,,Indiv,,,,,,,,,,,Indiv,,,,,,,,,,,,Indiv,,,,,Indiv,,NV,,,Indiv,,,,,,,,,,,,,,,,,,,,,,,,,,,,,,,,,Indiv,,,,,,,,,,,,,,,,,,,,,,,,,,,,,,,Indiv,,,,,,,,,,,,,,,,,,,,,,,,,,,,,,,Indiv,,,,,,,,,,Indiv,,,,,,,,,Inc,,,,,,,,,,,,,,,,,,,,,,,,,,,,,,,,,,Inc,
,,,,NV,,,,,,,,,,,,,,,Indiv,Indiv,,,,,,,,,,,,,NV,,,,,NV,,,,,,,,,,,,,,,,,,,,,,,,,,,Exc,,,,,,,,,,,,,,,,,,,,,,,,,,,,,,,,,,,,,,,,,,,,,,,,,,,Indiv,,,,,,,,,NV,,,,,,,,,,,Indiv,,,,,,,Indiv,,,,,,,,,,,,,,,,,,,,,,,,,,Indiv,,,,,Indiv,,,,,Inc,,,,,,,,,,,Inc,,,,,,,,,,,,,,,Indiv,,,,Indiv,,,,Indiv,,,Inc,,,Inc,Indiv,,NV,,,Inc,,,,,
,,,,,Inc,Indiv,,,,,,,,,,Inc,,,,,,,,,,,,,,,,,,,,,,,,,,,,,,,,,,,,,,,,,,,,,,,,,,,,,,,,,,,,,,,,,,,,,,,,,,,,,,Indiv,,,,,,,,,NV,,NV,,,,,,,,,Indiv,,,NV,,,,,,,,,,Indiv,,,,,,,,,,,,,,,,,,,,,,,,,,,Indiv,,,,,,,,,,,,,,,,,,Inc,,,,Indiv,,,,,,,,,,,,,,,,,,,Indiv,,,,,,,,,,,,,,,,,Indiv,,,,,,,,,,,,,Inc,,,,,
,,,,,,,,,,,,,,,,,,,,NV,,,,,,,,,,,,,Indiv,,,,,,,,,,,,,,,,,,,,,,,,,,,,,,Indiv,,,,,,,,,,,,,,,,,,,,,Indiv,,,,,,,,,,,,,Indiv,,,,,,,,,,,,,,Inc,,,,,,,,,,,,,,,,,,,,,,,,,,,,,,,,,,,,,,,Inc,NV,,,,,,Indiv,,,,Indiv,,,,,Indiv,,,Indiv,,,,,,NV,,,,,,,,,,Indiv,,,,,,,,,,,,,,,,,,,,,,,,,,,,,,,,,,,,,,,,,,,,,
,,,,,,,,,,,,Indiv,,,,,,,,,Indiv,,,,,Indiv,,,,,,,,,,,,,Inc,,,,,,Indiv,,,,,,,,,,,,,,,,,,,,,,,,,,Indiv,,,,,,,,,,,,,,,,,,,,,,,,,,,,,,,,,,,,,,,,,,,,,,,,,,,,,,,,,,,,,,,,,,NV,,,,,,,,,,,Indiv,,,,,Exc,,,,,,Indiv,Indiv,,,Indiv,,,,,,,,,,,,,,,,,,,,,,,,,,,,,,,,,,,,,Indiv,,,,,,,,,,,,,,,,,,,,,,,,,,,,,,
Indiv,,,Indiv,,,,,,,,,,,,,,,,,,Indiv,,,,,,,,,,,,,,,,,,,,,Indiv,,,,,,Indiv,,,,,,,,,,,,,,,,NV,,,,,,,,,NV,,,,,,,,,,,,Exc,,,,,,,,,,,,Indiv,Inc,,,,,,,NV,,,,,,,,,,,,,,,,,Exc,,,,,,,,,,,,,,Inc,,,,,,,,,,,,,,,,,,,,,,,Indiv,,,,,,,,,,,,,,,,,,,,,,Indiv,,,,Indiv,,,,,,,,,,,,,,,,,,,,,,,,,,Indiv,,,,,,,,,,,,,,,,Indiv,,,
,NV,,,,NV,,,Indiv,,,,,,,,,,,,,,,,Indiv,,,,Indiv,,,,,,,,,,,,,,Indiv,,,,,,,,,,,,,,,,,,,,,,,,,Indiv,,,,,,,,,,,,,Indiv,,,,,,,,,,,,,,,,Indiv,,,,,,,,,,,,,,,,,,,,Indiv,,,,NV,,,,,,,,,,,,,,,,,,,,,,,,,,,,,,,,,,Indiv,,,,,,,,,,,,,,,,,,,,,,,,,,,Indiv,,,,,,,,,,,,,,,,,,,,,,,,,,,,,,,,,,,NV,Indiv,,,,,,,,,,,,,
Indiv,,,,,,,,Indiv,,,,,,,,,,,,,,,,,,,,,,,,,,,,,,,,,,,,,,,,,,,,,,,,,,,,,,,Indiv,,,Indiv,,,,,,,,,,,Indiv,,Indiv,,,,,,,,,,,,,,,,,,,Inc,,,,,NV,,,,,Indiv,,,,,,,,,,Inc,,,,,,,,,,,,,,,,,,,,,,,,,,,,,,,,,,,,,,,,,,,,,,,,,,,Inc,,,NV,Indiv,,,,,,,,,,,,,,,,,,,,,,,,,,,,,NV,,,,,Indiv,,,,,,,,,,,,,Indiv,,,,,,,,,,NV
,,,,,,,,,,,Indiv,,,,,,,,,,,,,,,,,,,,,,,,,,,,,,,,,,,,,,,,,,Indiv,,,,,,,,,,,,,NV,,,,,,Indiv,,,,,,,,,,,,,,,,,,,,,,,,Indiv,,,,,,,,,,,,,,,,,,,,,,,,,,,,,,,,,,,,,,,,,,,,,,Indiv,,,,Indiv,,Indiv,,,Indiv,,,,Indiv,,,,,,,,,,,,,,,,,,,,,,,,,,,,,,,,,,,,,,,,,,,,NV,,,,,,,,,,,,,,,Indiv,,,Inc,,,Indiv,,,,,,,,,,
,,,,,,,,,,,,,,,,,,Indiv,,,,,,,,,,Inc,,,,,,,,,,,,Inc,,,,Indiv,,,,,,,,,,,,,,,,,,,,,,,,,,,,,,,,,,,,,,,,,,,,,,,,,,,,,,,,,,,,,,,,,Exc,,,,,,,,,,,,,,,,,,,,,,,,,,,,,,,,,,,,,Indiv,,,,,,,,,Indiv,,,,,,,,,,,,,,,,,,,,,,,,,,,,,,,,,,Indiv,,,,,,,,,,,,,,,,,,,,,,,,,,,,,,,,,,,,,,,Indiv,,Inc
,,,,,NV,NV,,,,,,,,,,,,,,,,,,,,,,,,,,,,,,,Indiv,Inc,,,,Indiv,,,,,,,,,,,,,Inc,,NV,Indiv,,,,,,,NV,,,Inc,,,,,,,,,,,,,,,,,,,,,,,,,,,,,,,,,,,,,,,,,,,,,Indiv,,,Indiv,,,,,,Inc,,,,,,,,,,,,,,,,,,,,,,,Indiv,,,,,,,Indiv,,,,,,,,,,,,,Indiv,,,,,,,,Indiv,,,,,,,Indiv,,,,,,,,Indiv,,,,,,,,,,,,,,,,,,,,,,,,,,,,,,,,,,,,,,,,,,
,,,,NV,,,,,,,Indiv,,,,,,Indiv,,,,,Indiv,,,,,,,,,,,,,,,,,,,,,,Indiv,,,,,,,,,,Indiv,,Indiv,,,,,,,,,,,,,,,,,,,,,,,,,,,,,,,,,,Indiv,,,,,,,Indiv,,,,,,,,,,,,,,,,,,,,,,,Indiv,,,,,,,,,,,,,,,Indiv,,,,,,,,,,,,,,,,,,,,,,,,,,,,,,,,,,,,,Indiv,,,,,,,,,Indiv,,,,,,,,,,,,,,,,,,,,,,,,,,,,,,,,,,,,,,,,,,,,,,Indiv,,,
,NV,,,,,,,,,,,,,,,,,Indiv,,,,,,,,,,,Indiv,,,,,,,,,,,,,,,Exc,,,,,,NV,,,,,,,,,,,,,,NV,,,,,,,,,,,,,Indiv,,,,,,,,,,,,,,,,,,,,,,,,,,,,,,,,,,,,,,,,,,,,Indiv,,,,,,,,,,,,,,,,,,,,,,,NV,,,,,,,,,,,,,,,,Indiv,,,,Indiv,,,,,,,,,,,,,,,,,,,,,,,,,,,,,,,,,,,,,,,,,,,,,,,,,,,,,,,,,,,,,,,,,,
,,,,,,,,,,,,,,,,,,,,,,,,,,,,,,,,,,,,,Inc,,Indiv,,,,,,,,,,,,,,,,,,,,,,,,,,,,,,,,,,,,,Indiv,,,Indiv,,,,,,,,,,,,,,,Indiv,,,,,,,,,,,,,,,,,,,,,,,,,,,NV,,,,,,,,,,,,,,,,Indiv,,,,,,,,,,,,,,,,,,,,,,,,,,,,,,,,,,,,,,,,,,,,,,,,NV,,,,,,Indiv,,,,,,,,Indiv,Indiv,,,,,,,Indiv,,,,,,,,,,,,,Indiv,,,,,,,,,,
,,,,,,,,,,,,,,,,,,,,,Indiv,,,,,,,,,,,,,,,,,,,,,,,,,,,,,,,,,,,,,,,Indiv,,,,,,Exc,,,Indiv,,,,,,,,,NV,,,,Indiv,,,,,,,,,,Indiv,,,,,,,NV,,,,,Indiv,,,,,,,,Indiv,,,,,,Indiv,Indiv,,,Indiv,,,,,,,,,,,,,,,,,,,,,,,,,,,,,,,,,,,,,,,,,,Indiv,,,,,,,,,,,,,,,,,Indiv,Indiv,,Indiv,,,,Indiv,,,,,,,,,,,,,,,,,,Indiv,,,,,,,Exc,,,,,,Indiv,,,,,,,,,,,
,,,,,,,,,,,,,Indiv,,,Indiv,,,,,Indiv,,,,,,,,,,,,,,,,,,,,,,,,,,,,,,,,,,,,,,,,Indiv,,,NV,,,,,,,,Indiv,,,,,,,,,,,,,,,,,,,,,,,,,,,,,,,,,NV,,Indiv,,,,NV,,,,,,,,,,,,,,,,,,,,,,,,,,,,,,,,,,,,,Indiv,,,,,,,,,,,,,,,,,,,,,,,,Indiv,,,,,,,,Indiv,,,,,,,,,,,,,,,,,,,,,,,,Indiv,,,,,,,,,,,,NV,,,,,,,,,,,,,,
,,,Indiv,NV,,,NV,,NV,,Indiv,,,,,,,,,,,,,,,,,,,,Indiv,,,,,,NV,,,,,,,,,Indiv,Inc,Indiv,,,,,,,,Indiv,,,,,,,,,,Inc,,,,,,,,,,,Exc,,,,,,,,,,,,,,,,,,,,,,,,,,,,,,,,,,,,,,,,,,,,,,,,,,,,,,,,,,,,,,,Indiv,,,,,,,,,,,,,,,,,,,,,,,,,,,Indiv,,,,,,,,,,Exc,,,,,Exc,Inc,Exc,Indiv,,,Inc,,,,,,,,,,,,,,,,,Indiv,,,Indiv,,,,,,,,,,,,,,,,,,,,,,
,,,,,,,Indiv,,,,,,Inc,,Indiv,,,,NV,,,,,,,,,,,,,,,,,,,,,,,Indiv,,,,,,,,,,,,,,,,,,Indiv,,,,,,,,,,,,,,Indiv,,,,,,Indiv,,,,,,,,,,Indiv,,,,,,,,,,,,,,,,,,,,,,,,,,,,NV,,,,,,,,,,,Inc,Indiv,,,,,,,,,,,,,,,,,,,,,,,,,,,,,Indiv,,,,,,,,,,,,,,,,,,,,,,,,,,,,,,,,,,,,,,,,,,,,,Indiv,,,,,,,,,,,Indiv,,,,,,,,,,,,,,,
,,,,,,,,,,,,,,,,,,,,,,,,,Exc,,,,,,,,Indiv,,,,,,,,,,,,,,,,,,,,,,,,,Indiv,Indiv,,,,,,,,,,,,,,,,,,,,,,,,,,,,,,Indiv,,,,,,,,,,,,,,,,,,,,,,,,,,,,,,,,,,,,,NV,,,NV,,,,,,,,,,,,,,,,,,,Indiv,,,Indiv,,,,,,,,,,,,,,,,,,,Inc,,,,,,,,,,,,Indiv,,,,,,,,,,,,,,,,,,,,,,,,,,,,,,,,,,,,,,,,NV,,,,,,,Inc,
,,,,,,,,,,,,,,,,,,,Inc,,,,Indiv,,,Indiv,,,,,,,,,NV,Indiv,,,,,,,,,,,,,,,,,,,,,,,,,,,,Inc,,,,,,,,Indiv,,,Indiv,,,,,,,,,,,,,,,,Indiv,,,,,,,,,,,,,,,,,,,,,Indiv,,,,,,,,,,,Indiv,,,,,,,,,,,,,,,,,,,,,,,,,,,,,,,,,,,,,,,,,,,,,Indiv,,,,,,,,,,,,,,,,,Indiv,,,,,,,,,,,,,,,,,,,,,,,,,,,,,,,,,,,,,,Indiv,,,,,,,
,,,,,,,,,,,,Indiv,,,,,Indiv,,,,,Indiv,,,,,,,,,Indiv,,,,,,,,,,,,,,,,NV,,,,,,Indiv,,,,,,,,,,,,,NV,,,,,,,,Indiv,,,,NV,,,,,,,,,,,,,Indiv,Indiv,,,,Indiv,,,,Indiv,,,,,,,,,,Indiv,,,,,,,,,,,,,,,,,,Indiv,,,,,,,,,,,,,,,,,,,,,,,,,Indiv,Indiv,,,,Indiv,,,,,,,,,,,,,,,,,,,,,,,Indiv,,,,,,,,,,,,,,Indiv,,,,,,,,,,,,Indiv,,,,,,,,,,NV,,,,,,,,NV,,,,,
,,,,,,,,,,,,,,,,,,,,,,,,,,,,,,,,,,,,,,,,,,,,,,,NV,,,,,,Indiv,,,,,,,,,,,NV,,,,,,,,,,,Indiv,,,,,,,,,,,,,Indiv,,,Indiv,,Indiv,,,,,,,,,,,,NV,,,,,,NV,,Indiv,,,Inc,,,,,,,,,,,,,,,,,,Indiv,,,,,NV,,,,,,,,,,,,,,,,,,,,,,,,,,,,,,,,,,,,,,,,,,,,,,,,,,,,,,,,,,,,,,,NV,,,,,,,,,,,,Indiv,,,,,,,,,,,,,Indiv,,,NV
,,,Indiv,,,,,,,,,,,,,,,Indiv,,,,,,,,,,,,Indiv,Indiv,,,,,Inc,,,,,,,,,,,,,,,,,,,NV,,Indiv,,,,,,,,,,,,Indiv,,,,,,,,,,,,,,,,,,,,Indiv,,,,,Indiv,,,,,,,,,,,,,,,,,,,,,,,,,,,,,Indiv,,,,,,,,NV,,,Indiv,,,,,,,Indiv,,,,,,,,,,,,Indiv,,,,,,,,Indiv,,,,,,,,,,,,,,,,,,,,,,,,,,,,,Inc,,,,Indiv,,,,,,,Exc,,,,,Indiv,,,,,,,,,,,,,,NV,Indiv,,,,,Indiv,Indiv,,,
,,,,,,,,,,,,Indiv,,,,,,,,,,,,,,Indiv,,Indiv,,,,,Inc,,,Indiv,,,,,,,,,,,,,,,,,,,,,,,,,,,,,,,,,,,,,,,,,,,,,,,,,,,,,,,,,,,,,,,,,,,,,,Inc,,,,,,,,Indiv,,,,,,Indiv,,,,,,,,,,,,,,,,,,,,,,Indiv,,,,,,,,,Indiv,,,,,Indiv,,,,,,,,,NV,,Inc,,,NV,,,,,NV,,,,,,,,,,,,,,,,,,,,,,,,,,,,,,,,,,,,,,,,Indiv,,,,,,,,,,,,,Indiv,,Inc
,,,,,,,,,,,Indiv,,,,,,,,,,NV,,,,,,,,Indiv,,,,,,,,,,,,,,Indiv,,,,,,,,,Indiv,,,,,,,,,,,,,,,,,,,,,,,,,,,,,,,,Indiv,,,,,,,Indiv,,,,,,,,,,,,,,Inc,,,,,,,,,,,,,,,,,,,,,,,,,,,,,,,Indiv,,,,,,,,,,,,,,,,Indiv,,,,,,,,,,,,,,,,,,,,,Inc,Indiv,,,,NV,,,,Indiv,,Indiv,,,,,,,,,,,,,,,,,,,,,,,,,,,,,,,,,Inc,Indiv,,,Indiv,,,,,,,,,
